Site,X1,X2,X3,Species
1,0,0,0,bobcat
2,0,0,0,bobcat
3,0,0,0,bobcat
4,0,0,0,bobcat
5,0,0,0,bobcat
6,0,0,0,bobcat
7,0,0,0,bobcat
8,0,0,0,bobcat
9,0,0,0,bobcat
10,0,0,0,bobcat
11,0,0,0,bobcat
12,0,0,0,bobcat
13,0,0,0,bobcat
14,0,0,0,bobcat
15,0,0,0,bobcat
16,0,0,0,bobcat
17,0,0,0,bobcat
18,0,0,0,bobcat
19,0,0,0,bobcat
20,0,0,0,bobcat
21,0,0,0,bobcat
22,0,0,0,bobcat
23,0,0,0,bobcat
24,0,0,0,bobcat
25,0,0,0,bobcat
26,0,0,0,bobcat
27,0,0,0,bobcat
28,0,0,0,bobcat
29,0,0,0,bobcat
30,0,0,0,bobcat
31,0,0,0,bobcat
32,0,0,0,bobcat
33,0,0,0,bobcat
34,0,0,0,bobcat
35,0,0,0,bobcat
36,0,0,0,bobcat
37,0,0,0,bobcat
38,0,0,0,bobcat
39,0,1,0,bobcat
40,1,0,0,bobcat
41,0,0,0,bobcat
42,0,0,1,bobcat
43,0,0,0,bobcat
44,0,0,1,bobcat
45,0,0,0,bobcat
46,0,0,0,bobcat
47,0,0,0,bobcat
48,0,0,0,bobcat
49,0,0,0,bobcat
50,0,0,0,bobcat
51,0,0,0,bobcat
52,0,0,0,bobcat
53,1,1,0,bobcat
54,0,1,0,bobcat
55,0,0,0,bobcat
56,0,0,0,bobcat
57,0,0,0,bobcat
58,0,0,0,bobcat
59,1,0,0,bobcat
60,0,0,0,bobcat
61,0,0,1,bobcat
62,0,0,0,bobcat
63,0,0,0,bobcat
64,0,0,0,bobcat
65,0,0,0,bobcat
66,1,0,0,bobcat
67,0,0,0,bobcat
68,0,0,0,bobcat
69,0,0,0,bobcat
70,1,1,0,bobcat
71,0,0,0,bobcat
72,1,0,0,bobcat
73,0,0,0,bobcat
74,1,0,0,bobcat
75,0,0,0,bobcat
76,0,0,0,bobcat
77,0,0,0,bobcat
78,0,0,0,bobcat
79,0,0,0,bobcat
80,0,0,0,bobcat
81,0,0,0,bobcat
82,0,0,0,bobcat
83,0,0,0,bobcat
84,0,0,0,bobcat
85,0,0,0,bobcat
86,0,0,0,bobcat
87,0,0,0,bobcat
88,0,0,0,bobcat
89,0,0,0,bobcat
90,0,0,0,bobcat
91,0,0,0,bobcat
92,0,0,0,bobcat
93,0,0,0,bobcat
94,0,0,0,bobcat
95,0,0,0,bobcat
96,0,0,0,bobcat
97,0,0,0,bobcat
98,0,0,0,bobcat
99,0,0,0,bobcat
100,0,0,0,bobcat
101,0,0,0,bobcat
102,0,0,0,bobcat
103,0,0,0,bobcat
104,0,0,0,bobcat
105,0,0,0,bobcat
106,0,1,0,bobcat
107,0,0,0,bobcat
108,0,0,0,bobcat
109,1,0,0,bobcat
110,0,0,0,bobcat
111,0,0,0,bobcat
112,0,0,1,bobcat
113,0,0,0,bobcat
114,0,0,0,bobcat
115,0,0,0,bobcat
116,0,0,0,bobcat
117,0,0,0,bobcat
118,0,0,0,bobcat
119,0,0,0,bobcat
120,0,0,0,bobcat
121,0,0,0,bobcat
122,0,0,0,bobcat
123,0,0,0,bobcat
124,0,0,0,bobcat
125,0,0,0,bobcat
126,0,0,0,bobcat
127,0,0,0,bobcat
128,0,0,0,bobcat
129,0,0,0,bobcat
130,0,0,0,bobcat
131,0,0,0,bobcat
132,0,0,0,bobcat
133,0,0,0,bobcat
134,0,0,0,bobcat
135,0,0,0,bobcat
136,0,0,0,bobcat
137,0,0,0,bobcat
138,0,0,0,bobcat
139,0,0,0,bobcat
140,0,0,0,bobcat
141,0,0,0,bobcat
142,0,0,0,bobcat
143,0,0,0,bobcat
144,0,0,0,bobcat
145,0,0,0,bobcat
146,0,0,0,bobcat
147,0,0,0,bobcat
148,0,0,0,bobcat
149,0,0,0,bobcat
150,0,0,0,bobcat
151,0,0,0,bobcat
152,0,0,0,bobcat
153,0,0,0,bobcat
154,0,0,0,bobcat
155,0,0,0,bobcat
156,0,0,0,bobcat
157,0,0,0,bobcat
158,0,0,0,bobcat
159,0,0,0,bobcat
160,0,0,0,bobcat
161,0,0,0,bobcat
162,0,0,0,bobcat
163,0,0,0,bobcat
164,0,0,0,bobcat
165,0,0,0,bobcat
166,0,0,0,bobcat
167,0,0,0,bobcat
168,0,0,0,bobcat
169,0,0,0,bobcat
170,0,0,0,bobcat
171,0,0,0,bobcat
172,0,0,0,bobcat
173,0,0,0,bobcat
174,0,0,0,bobcat
175,0,0,0,bobcat
176,0,0,0,bobcat
177,0,0,0,bobcat
178,0,0,0,bobcat
179,0,0,0,bobcat
180,0,0,0,bobcat
181,0,0,0,bobcat
182,0,0,0,bobcat
183,0,0,0,bobcat
184,0,0,0,bobcat
185,0,0,0,bobcat
186,0,0,0,bobcat
187,0,0,0,bobcat
188,0,0,0,bobcat
189,0,0,0,bobcat
190,0,0,0,bobcat
191,0,0,0,bobcat
192,0,0,0,bobcat
193,0,0,0,bobcat
194,0,0,0,bobcat
195,0,0,0,bobcat
196,0,0,0,bobcat
197,0,0,0,bobcat
198,0,0,0,bobcat
199,0,0,0,bobcat
200,0,0,0,bobcat
201,0,0,0,bobcat
202,0,0,0,bobcat
203,0,0,0,bobcat
204,0,0,0,bobcat
205,0,0,0,bobcat
206,0,0,0,bobcat
207,0,0,0,bobcat
208,0,0,0,bobcat
209,0,0,0,bobcat
210,0,0,0,bobcat
211,0,0,0,bobcat
212,0,0,0,bobcat
213,0,0,0,bobcat
214,0,0,0,bobcat
215,0,0,0,bobcat
216,0,0,0,bobcat
217,0,0,0,bobcat
218,0,0,0,bobcat
219,0,0,0,bobcat
220,0,0,0,bobcat
221,0,0,0,bobcat
222,0,0,0,bobcat
223,0,0,0,bobcat
224,0,0,0,bobcat
225,0,0,0,bobcat
226,0,0,0,bobcat
227,0,0,0,bobcat
228,0,0,0,bobcat
229,0,0,0,bobcat
230,0,0,0,bobcat
231,0,0,0,bobcat
232,0,0,0,bobcat
233,0,0,0,bobcat
234,0,0,0,bobcat
235,0,0,0,bobcat
236,0,0,0,bobcat
237,0,0,0,bobcat
238,0,0,0,bobcat
239,0,0,0,bobcat
240,0,0,0,bobcat
241,0,0,0,bobcat
242,0,0,0,bobcat
243,0,0,0,bobcat
244,0,0,0,bobcat
245,0,0,0,bobcat
246,1,0,0,bobcat
247,0,0,0,bobcat
248,0,0,0,bobcat
249,0,1,0,bobcat
250,0,0,0,bobcat
251,0,0,0,bobcat
252,0,0,0,bobcat
253,0,0,0,bobcat
254,0,0,0,bobcat
255,0,0,0,bobcat
256,0,0,0,bobcat
257,0,0,0,bobcat
258,0,0,0,bobcat
259,0,0,0,bobcat
260,0,0,0,bobcat
261,0,0,0,bobcat
262,0,0,0,bobcat
263,0,0,0,bobcat
264,0,0,0,bobcat
265,0,0,0,bobcat
266,0,0,0,bobcat
267,0,0,0,bobcat
268,0,0,0,bobcat
269,1,0,0,bobcat
270,0,0,0,bobcat
271,1,0,0,bobcat
272,0,0,0,bobcat
273,0,0,0,bobcat
274,0,0,0,bobcat
275,0,0,0,bobcat
276,0,0,0,bobcat
277,0,0,0,bobcat
278,0,0,0,bobcat
279,0,0,1,bobcat
280,0,0,0,bobcat
281,0,0,0,bobcat
282,0,0,0,bobcat
283,0,0,0,bobcat
284,0,0,0,bobcat
285,0,0,0,bobcat
286,0,0,0,bobcat
287,0,0,0,bobcat
288,0,0,0,bobcat
289,0,0,0,bobcat
290,1,0,1,bobcat
291,0,0,0,bobcat
292,0,0,0,bobcat
293,0,0,0,bobcat
294,0,0,0,bobcat
295,0,0,0,bobcat
296,0,0,0,bobcat
297,0,0,0,bobcat
298,0,0,0,bobcat
299,0,0,0,bobcat
300,0,0,0,bobcat
301,0,0,0,bobcat
302,0,0,0,bobcat
303,0,0,0,bobcat
304,0,0,0,bobcat
305,0,0,0,bobcat
306,1,1,0,bobcat
307,0,0,0,bobcat
308,0,1,0,bobcat
309,0,0,0,bobcat
310,0,0,0,bobcat
311,0,0,0,bobcat
312,0,0,0,bobcat
313,0,0,0,bobcat
314,0,0,0,bobcat
315,0,0,0,bobcat
316,0,0,0,bobcat
317,0,0,0,bobcat
318,0,1,1,bobcat
319,0,0,0,bobcat
320,0,0,0,bobcat
321,0,0,0,bobcat
322,0,0,0,bobcat
323,0,0,0,bobcat
324,0,0,0,bobcat
325,1,0,1,bobcat
326,0,0,0,bobcat
327,0,0,0,bobcat
328,0,0,0,bobcat
329,0,0,0,bobcat
330,0,0,0,bobcat
331,0,0,1,bobcat
332,0,0,0,bobcat
333,0,0,0,bobcat
334,0,0,1,bobcat
335,0,0,0,bobcat
336,0,0,0,bobcat
337,0,0,0,bobcat
338,0,0,0,bobcat
339,0,0,0,bobcat
340,0,0,0,bobcat
341,0,0,0,bobcat
342,0,1,0,bobcat
343,0,0,0,bobcat
344,0,0,0,bobcat
345,0,0,0,bobcat
346,0,0,0,bobcat
347,1,0,0,bobcat
348,0,1,0,bobcat
349,0,1,0,bobcat
350,0,0,0,bobcat
351,0,0,0,bobcat
352,0,0,0,bobcat
353,0,0,0,bobcat
354,0,0,0,bobcat
355,0,0,0,bobcat
356,0,0,1,bobcat
357,0,0,0,bobcat
358,0,0,0,bobcat
359,1,1,0,bobcat
360,0,0,0,bobcat
361,0,0,1,bobcat
362,0,0,0,bobcat
363,0,0,0,bobcat
364,0,0,0,bobcat
365,1,1,0,bobcat
366,0,0,0,bobcat
367,0,0,1,bobcat
368,0,0,0,bobcat
369,0,0,0,bobcat
370,0,0,0,bobcat
371,0,0,0,bobcat
372,0,0,0,bobcat
373,0,0,0,bobcat
374,0,0,0,bobcat
375,0,0,0,bobcat
376,0,0,0,bobcat
377,0,0,0,bobcat
378,0,0,0,bobcat
379,0,0,0,bobcat
380,0,0,0,bobcat
381,0,0,0,bobcat
382,0,0,0,bobcat
383,0,0,0,bobcat
384,0,0,0,bobcat
385,0,0,0,bobcat
386,0,0,0,bobcat
387,0,0,0,bobcat
388,0,0,1,bobcat
389,0,0,0,bobcat
390,0,0,0,bobcat
391,0,0,0,bobcat
392,0,0,0,bobcat
393,1,0,1,bobcat
394,0,0,1,bobcat
395,1,1,0,bobcat
396,0,1,0,bobcat
397,0,0,0,bobcat
398,1,1,0,bobcat
399,0,0,0,bobcat
400,1,0,0,bobcat
401,0,0,0,bobcat
402,0,0,1,bobcat
403,0,0,0,bobcat
404,0,0,0,bobcat
405,0,0,0,bobcat
406,0,0,0,bobcat
407,0,0,0,bobcat
408,0,0,0,bobcat
409,0,0,0,bobcat
410,0,0,0,bobcat
411,0,0,0,bobcat
412,0,0,0,bobcat
413,1,0,0,bobcat
414,0,0,0,bobcat
415,0,0,0,bobcat
416,0,0,0,bobcat
417,0,1,0,bobcat
418,0,0,0,bobcat
419,0,0,0,bobcat
420,0,0,0,bobcat
421,0,0,0,bobcat
422,0,0,0,bobcat
423,1,0,0,bobcat
424,0,0,0,bobcat
425,1,0,0,bobcat
426,0,0,0,bobcat
427,0,0,0,bobcat
428,0,0,0,bobcat
429,0,0,0,bobcat
430,0,0,0,bobcat
431,0,0,0,bobcat
432,0,0,0,bobcat
433,0,0,0,bobcat
434,0,0,0,bobcat
435,0,0,0,bobcat
436,0,0,0,bobcat
437,0,0,0,bobcat
438,0,0,0,bobcat
439,0,0,0,bobcat
440,0,0,0,bobcat
441,0,0,0,bobcat
442,0,0,0,bobcat
443,0,0,0,bobcat
444,0,0,0,bobcat
445,0,0,0,bobcat
446,0,0,0,bobcat
447,0,0,0,bobcat
448,0,0,0,bobcat
449,0,0,0,bobcat
450,0,0,0,bobcat
451,0,0,0,bobcat
452,0,0,0,bobcat
453,0,0,0,bobcat
454,0,0,0,bobcat
455,0,0,0,bobcat
456,0,0,0,bobcat
457,0,0,0,bobcat
458,0,0,0,bobcat
459,0,0,0,bobcat
460,0,0,0,bobcat
461,0,0,0,bobcat
462,0,0,0,bobcat
463,0,0,0,bobcat
464,0,0,0,bobcat
465,0,0,0,bobcat
466,0,0,0,bobcat
467,0,0,0,bobcat
468,0,0,0,bobcat
469,0,0,0,bobcat
470,0,0,0,bobcat
471,0,1,0,bobcat
472,0,0,0,bobcat
473,0,0,0,bobcat
474,0,0,0,bobcat
475,0,0,0,bobcat
476,0,0,0,bobcat
477,0,0,0,bobcat
478,0,0,0,bobcat
479,1,1,0,bobcat
480,0,0,0,bobcat
481,0,0,0,bobcat
482,0,0,0,bobcat
483,0,0,0,bobcat
484,0,0,0,bobcat
485,0,0,0,bobcat
486,0,0,0,bobcat
487,0,0,0,bobcat
488,0,0,0,bobcat
489,0,0,0,bobcat
490,0,0,0,bobcat
491,0,0,0,bobcat
492,0,0,0,bobcat
493,0,0,0,bobcat
494,0,0,0,bobcat
495,0,0,0,bobcat
496,0,0,0,bobcat
497,0,0,0,bobcat
498,0,0,0,bobcat
499,1,0,0,bobcat
500,0,0,0,bobcat
501,0,0,0,bobcat
502,0,0,0,bobcat
503,0,0,1,bobcat
504,0,0,1,bobcat
505,0,0,0,bobcat
506,0,0,0,bobcat
507,0,0,0,bobcat
508,0,0,0,bobcat
509,0,0,0,bobcat
510,0,0,0,bobcat
511,0,0,0,bobcat
512,0,0,0,bobcat
513,0,0,0,bobcat
514,0,0,0,bobcat
515,0,0,0,bobcat
516,0,0,0,bobcat
517,0,0,0,bobcat
518,0,0,0,bobcat
519,0,0,0,bobcat
520,1,0,0,bobcat
521,1,0,0,bobcat
522,0,0,0,bobcat
523,0,0,0,bobcat
524,0,1,0,bobcat
525,0,0,0,bobcat
526,0,0,0,bobcat
527,1,1,1,bobcat
528,0,0,1,bobcat
529,0,0,0,bobcat
530,0,0,0,bobcat
531,1,1,0,bobcat
532,0,0,0,bobcat
533,0,0,0,bobcat
534,0,0,0,bobcat
535,0,0,0,bobcat
536,1,0,0,bobcat
537,0,0,0,bobcat
538,0,0,0,bobcat
539,0,0,1,bobcat
540,0,0,0,bobcat
541,0,0,0,bobcat
542,0,0,0,bobcat
543,0,0,0,bobcat
544,0,0,0,bobcat
545,0,0,0,bobcat
546,0,0,0,bobcat
547,0,0,0,bobcat
548,0,0,0,bobcat
549,0,0,0,bobcat
550,0,0,0,bobcat
551,0,0,0,bobcat
552,0,0,0,bobcat
553,0,0,0,bobcat
554,0,0,0,bobcat
555,0,0,0,bobcat
556,0,0,0,bobcat
557,0,0,0,bobcat
558,0,0,0,bobcat
559,0,0,0,bobcat
560,0,0,0,bobcat
561,0,0,0,bobcat
562,0,0,1,bobcat
563,0,0,0,bobcat
564,0,0,0,bobcat
565,0,0,0,bobcat
566,0,0,0,bobcat
567,0,0,0,bobcat
568,0,0,0,bobcat
569,0,0,0,bobcat
570,0,0,0,bobcat
571,0,0,0,bobcat
572,0,0,0,bobcat
573,0,0,0,bobcat
574,0,0,0,bobcat
575,0,0,0,bobcat
576,0,0,0,bobcat
577,0,0,0,bobcat
578,0,0,0,bobcat
579,0,0,0,bobcat
580,0,0,0,bobcat
581,0,0,0,bobcat
582,0,0,0,bobcat
583,0,0,0,bobcat
584,0,0,0,bobcat
585,0,0,0,bobcat
586,0,0,0,bobcat
587,0,0,0,bobcat
588,0,0,0,bobcat
589,0,0,0,bobcat
590,0,0,0,bobcat
591,0,0,0,bobcat
592,0,0,0,bobcat
593,0,0,0,bobcat
594,0,0,0,bobcat
595,0,0,0,bobcat
596,0,0,0,bobcat
597,0,0,0,bobcat
598,0,0,0,bobcat
599,0,0,0,bobcat
600,0,0,0,bobcat
601,0,0,0,bobcat
602,0,0,0,bobcat
603,0,0,0,bobcat
604,0,0,0,bobcat
605,0,0,0,bobcat
606,0,0,0,bobcat
607,0,0,0,bobcat
608,0,0,0,bobcat
609,0,0,0,bobcat
610,0,0,0,bobcat
611,0,0,0,bobcat
612,0,0,0,bobcat
613,0,0,0,bobcat
614,0,0,0,bobcat
615,0,0,0,bobcat
616,0,0,0,bobcat
617,0,0,0,bobcat
618,0,0,0,bobcat
619,0,0,0,bobcat
620,0,0,0,bobcat
621,0,0,0,bobcat
622,0,0,0,bobcat
623,0,0,0,bobcat
624,0,0,0,bobcat
625,0,0,0,bobcat
626,0,0,0,bobcat
627,0,0,0,bobcat
628,0,0,0,bobcat
629,0,0,0,bobcat
630,0,0,0,bobcat
631,0,0,0,bobcat
632,0,0,0,bobcat
633,0,0,0,bobcat
634,0,0,0,bobcat
635,0,0,0,bobcat
636,0,0,0,bobcat
637,0,0,0,bobcat
638,0,0,0,bobcat
639,0,0,0,bobcat
640,0,0,0,bobcat
641,0,0,0,bobcat
642,0,0,0,bobcat
643,0,0,0,bobcat
644,0,0,0,bobcat
645,0,0,0,bobcat
646,0,0,0,bobcat
647,0,0,0,bobcat
648,0,0,0,bobcat
649,0,0,0,bobcat
650,0,0,0,bobcat
651,0,0,0,bobcat
652,0,0,0,bobcat
653,0,0,0,bobcat
654,0,0,0,bobcat
655,0,0,0,bobcat
656,0,0,0,bobcat
657,0,0,0,bobcat
658,0,0,0,bobcat
659,0,0,0,bobcat
660,0,0,0,bobcat
661,0,0,0,bobcat
662,0,0,0,bobcat
663,0,0,0,bobcat
664,0,0,0,bobcat
665,0,0,0,bobcat
666,0,0,0,bobcat
667,0,0,0,bobcat
668,0,0,0,bobcat
669,0,0,0,bobcat
670,0,0,0,bobcat
671,0,0,0,bobcat
672,0,0,0,bobcat
673,0,0,0,bobcat
674,0,0,0,bobcat
675,0,0,0,bobcat
676,0,0,0,bobcat
677,0,0,0,bobcat
678,0,0,0,bobcat
679,0,0,0,bobcat
680,0,0,0,bobcat
681,0,0,0,bobcat
682,0,0,0,bobcat
683,0,0,0,bobcat
684,0,0,0,bobcat
685,0,0,0,bobcat
686,0,0,0,bobcat
687,0,0,0,bobcat
688,0,0,0,bobcat
689,0,0,0,bobcat
690,0,0,0,bobcat
691,0,0,0,bobcat
692,0,0,0,bobcat
693,0,0,0,bobcat
694,0,0,0,bobcat
695,0,0,0,bobcat
696,0,0,0,bobcat
697,0,0,0,bobcat
698,0,0,0,bobcat
699,0,0,0,bobcat
700,0,0,0,bobcat
701,0,0,0,bobcat
702,0,0,0,bobcat
703,0,0,0,bobcat
704,0,0,0,bobcat
705,0,0,0,bobcat
706,0,0,0,bobcat
707,0,0,0,bobcat
708,0,0,0,bobcat
709,0,0,0,bobcat
710,0,0,0,bobcat
711,0,0,0,bobcat
712,0,0,0,bobcat
713,0,0,0,bobcat
714,0,0,0,bobcat
715,0,0,0,bobcat
716,0,0,0,bobcat
717,0,0,0,bobcat
718,0,0,0,bobcat
719,0,0,0,bobcat
720,0,0,0,bobcat
721,0,0,0,bobcat
722,0,0,0,bobcat
723,0,0,0,bobcat
724,0,0,0,bobcat
725,0,0,0,bobcat
726,0,0,0,bobcat
727,0,0,0,bobcat
728,0,0,0,bobcat
729,0,0,0,bobcat
730,0,0,0,bobcat
731,0,0,0,bobcat
732,0,0,0,bobcat
733,0,0,0,bobcat
734,0,0,0,bobcat
735,0,0,0,bobcat
736,0,0,0,bobcat
737,0,0,0,bobcat
738,0,0,0,bobcat
739,0,0,0,bobcat
740,0,0,0,bobcat
741,0,0,0,bobcat
742,0,0,0,bobcat
743,0,0,0,bobcat
744,0,0,0,bobcat
745,0,0,0,bobcat
746,0,0,0,bobcat
747,0,0,0,bobcat
748,0,0,0,bobcat
749,0,0,0,bobcat
750,0,0,0,bobcat
751,0,0,0,bobcat
752,0,0,0,bobcat
753,0,0,0,bobcat
754,0,0,0,bobcat
755,0,0,0,bobcat
756,0,0,0,bobcat
757,0,0,0,bobcat
758,0,0,0,bobcat
759,0,0,0,bobcat
760,0,0,0,bobcat
761,0,0,0,bobcat
762,0,0,1,bobcat
763,0,0,0,bobcat
764,0,0,0,bobcat
765,0,0,0,bobcat
766,0,0,0,bobcat
767,0,0,0,bobcat
768,0,0,0,bobcat
769,0,0,0,bobcat
770,0,0,0,bobcat
771,0,0,0,bobcat
772,0,0,0,bobcat
773,0,0,0,bobcat
774,0,0,0,bobcat
775,0,0,0,bobcat
776,0,0,0,bobcat
777,0,0,0,bobcat
778,0,0,0,bobcat
779,0,0,0,bobcat
780,0,0,0,bobcat
781,0,0,0,bobcat
782,0,0,0,bobcat
783,0,0,0,bobcat
784,0,0,0,bobcat
785,0,0,0,bobcat
786,0,0,0,bobcat
787,0,0,0,bobcat
788,0,0,0,bobcat
789,0,0,0,bobcat
790,0,0,0,bobcat
791,1,0,0,bobcat
792,1,1,1,bobcat
793,0,0,0,bobcat
794,0,0,0,bobcat
795,1,0,0,bobcat
796,0,0,0,bobcat
797,0,0,0,bobcat
798,0,0,0,bobcat
799,0,0,1,bobcat
800,1,1,1,bobcat
801,0,0,1,bobcat
802,0,0,0,bobcat
803,0,1,0,bobcat
804,0,0,0,bobcat
805,0,1,0,bobcat
806,0,1,1,bobcat
807,0,1,0,bobcat
808,0,0,1,bobcat
809,0,0,0,bobcat
810,0,0,0,bobcat
811,0,0,0,bobcat
812,0,0,0,bobcat
813,0,0,0,bobcat
814,0,0,1,bobcat
815,0,0,0,bobcat
816,1,1,0,bobcat
817,1,0,0,bobcat
818,1,1,1,bobcat
819,0,0,0,bobcat
820,0,0,0,bobcat
821,1,0,0,bobcat
822,1,0,0,bobcat
823,0,0,0,bobcat
824,1,1,0,bobcat
825,0,0,1,bobcat
826,0,0,0,bobcat
827,0,1,0,bobcat
828,0,0,0,bobcat
829,0,0,0,bobcat
830,0,0,0,bobcat
831,0,0,0,bobcat
832,0,1,0,bobcat
833,0,0,0,bobcat
834,0,0,0,bobcat
835,0,0,1,bobcat
836,0,0,0,bobcat
837,0,0,0,bobcat
838,0,0,0,bobcat
839,0,0,0,bobcat
840,0,0,0,bobcat
841,0,0,0,bobcat
842,0,0,0,bobcat
843,0,0,0,bobcat
844,0,0,1,bobcat
845,0,0,0,bobcat
846,0,0,0,bobcat
847,0,0,0,bobcat
848,0,0,0,bobcat
849,0,0,0,bobcat
850,0,0,0,bobcat
851,0,0,1,bobcat
852,0,0,0,bobcat
853,0,0,0,bobcat
854,0,0,0,bobcat
855,0,0,0,bobcat
856,0,0,0,bobcat
857,0,0,0,bobcat
858,0,0,0,bobcat
859,0,0,0,bobcat
860,0,0,0,bobcat
861,0,0,0,bobcat
862,0,0,0,bobcat
863,0,0,0,bobcat
864,0,0,0,bobcat
865,0,0,1,bobcat
866,0,0,0,bobcat
867,0,0,0,bobcat
868,0,0,0,bobcat
869,0,0,0,bobcat
870,0,0,0,bobcat
871,0,0,0,bobcat
872,0,0,0,bobcat
873,0,0,0,bobcat
874,0,0,0,bobcat
875,0,0,0,bobcat
876,0,0,0,bobcat
877,0,0,0,bobcat
878,0,0,0,bobcat
879,0,0,0,bobcat
880,0,0,0,bobcat
881,0,0,0,bobcat
882,0,0,0,bobcat
883,1,0,0,bobcat
884,0,0,0,bobcat
885,0,0,0,bobcat
886,0,0,1,bobcat
887,0,1,0,bobcat
888,0,0,0,bobcat
889,0,1,0,bobcat
890,0,0,0,bobcat
891,0,0,0,bobcat
892,0,0,0,bobcat
893,0,0,0,bobcat
894,0,0,1,bobcat
895,0,0,0,bobcat
896,0,0,1,bobcat
897,0,0,0,bobcat
898,0,0,0,bobcat
899,0,0,0,bobcat
900,1,0,0,bobcat
901,0,0,0,bobcat
902,1,1,0,bobcat
903,1,1,1,bobcat
904,0,0,1,bobcat
905,1,1,0,bobcat
906,0,0,0,bobcat
907,0,1,0,bobcat
908,0,0,0,bobcat
909,0,0,0,bobcat
910,0,0,0,bobcat
911,0,1,0,bobcat
912,1,0,0,bobcat
913,0,0,0,bobcat
914,0,0,0,bobcat
915,0,0,0,bobcat
916,0,0,1,bobcat
917,0,0,1,bobcat
918,1,0,1,bobcat
919,0,1,1,bobcat
920,0,0,0,bobcat
921,0,0,0,bobcat
922,1,0,0,bobcat
923,0,0,0,bobcat
924,1,0,0,bobcat
925,0,0,0,bobcat
926,0,0,0,bobcat
927,0,0,0,bobcat
928,0,0,0,bobcat
929,0,0,0,bobcat
930,0,0,0,bobcat
931,0,0,0,bobcat
932,0,0,0,bobcat
933,0,0,0,bobcat
934,0,0,0,bobcat
935,0,0,0,bobcat
936,0,0,0,bobcat
937,0,0,0,bobcat
938,1,0,0,bobcat
939,0,0,0,bobcat
940,0,0,0,bobcat
941,0,0,0,bobcat
942,0,0,0,bobcat
943,0,0,0,bobcat
944,0,0,0,bobcat
945,0,0,0,bobcat
946,0,0,1,bobcat
947,0,0,0,bobcat
948,0,0,0,bobcat
949,0,0,0,bobcat
950,1,0,0,bobcat
951,0,0,0,bobcat
952,0,0,0,bobcat
953,0,0,0,bobcat
954,0,0,0,bobcat
955,0,0,0,bobcat
956,0,0,0,bobcat
957,0,0,0,bobcat
958,0,0,0,bobcat
959,0,0,0,bobcat
960,0,0,0,bobcat
961,0,1,0,bobcat
962,0,0,1,bobcat
963,0,0,0,bobcat
964,0,0,0,bobcat
965,0,0,0,bobcat
966,0,0,0,bobcat
967,0,0,1,bobcat
968,0,0,0,bobcat
969,0,0,0,bobcat
970,0,0,0,bobcat
971,0,0,0,bobcat
972,0,0,0,bobcat
973,0,0,0,bobcat
974,0,0,0,bobcat
975,0,0,0,bobcat
976,0,0,0,bobcat
977,0,0,0,bobcat
978,0,0,0,bobcat
979,0,0,0,bobcat
980,0,0,0,bobcat
981,1,1,0,bobcat
982,0,0,0,bobcat
983,0,1,0,bobcat
984,1,0,0,bobcat
985,0,0,0,bobcat
986,0,1,1,bobcat
987,0,0,0,bobcat
988,0,0,0,bobcat
989,0,0,1,bobcat
990,0,0,0,bobcat
991,0,0,0,bobcat
992,0,0,0,bobcat
993,1,0,0,bobcat
994,0,0,0,bobcat
995,0,0,1,bobcat
996,0,0,0,bobcat
997,0,0,0,bobcat
998,0,0,0,bobcat
999,0,0,0,bobcat
1000,0,0,0,bobcat
1001,0,0,0,bobcat
1002,0,0,0,bobcat
1003,0,0,0,bobcat
1004,0,0,1,bobcat
1005,0,0,0,bobcat
1006,1,0,0,bobcat
1007,0,0,0,bobcat
1008,0,0,0,bobcat
1009,0,0,1,bobcat
1010,0,0,0,bobcat
1011,0,0,0,bobcat
1012,0,0,0,bobcat
1013,0,0,0,bobcat
1014,0,0,0,bobcat
1015,0,0,0,bobcat
1016,0,0,0,bobcat
1017,1,0,0,bobcat
1018,0,0,0,bobcat
1019,0,0,0,bobcat
1020,0,0,0,bobcat
1021,0,0,0,bobcat
1022,0,0,0,bobcat
1023,0,0,0,bobcat
1024,0,0,0,bobcat
1025,0,0,0,bobcat
1026,0,0,0,bobcat
1027,0,0,0,bobcat
1028,0,0,0,bobcat
1029,0,0,0,bobcat
1030,0,0,0,bobcat
1031,0,0,0,bobcat
1032,0,0,1,bobcat
1033,0,0,0,bobcat
1034,0,0,0,bobcat
1035,0,0,0,bobcat
1036,0,0,0,bobcat
1037,0,1,0,bobcat
1038,0,0,0,bobcat
1039,0,0,0,bobcat
1040,0,0,0,bobcat
1041,0,0,0,bobcat
1042,1,1,0,bobcat
1043,0,0,0,bobcat
1044,0,0,1,bobcat
1045,0,1,0,bobcat
1046,0,0,0,bobcat
1047,0,0,0,bobcat
1048,0,0,0,bobcat
1049,0,0,0,bobcat
1050,0,1,0,bobcat
1051,0,0,0,bobcat
1052,0,1,1,bobcat
1053,0,1,0,bobcat
1054,0,0,0,bobcat
1055,0,0,1,bobcat
1056,0,0,0,bobcat
1057,0,0,0,bobcat
1058,0,0,0,bobcat
1059,0,0,0,bobcat
1060,0,0,0,bobcat
1061,0,0,0,bobcat
1062,0,0,0,bobcat
1063,0,0,0,bobcat
1064,0,0,0,bobcat
1065,0,0,0,bobcat
1066,0,0,0,bobcat
1067,0,0,0,bobcat
1068,0,0,0,bobcat
1069,0,0,0,bobcat
1070,0,0,0,bobcat
1071,0,0,1,bobcat
1072,0,0,0,bobcat
1073,0,0,0,bobcat
1074,0,0,0,bobcat
1075,0,0,0,bobcat
1076,0,0,0,bobcat
1077,0,0,0,bobcat
1078,0,0,0,bobcat
1079,0,0,0,bobcat
1080,0,0,0,bobcat
1081,0,0,0,bobcat
1082,1,0,0,bobcat
1083,1,0,0,bobcat
1084,0,0,0,bobcat
1085,0,0,0,bobcat
1086,0,0,0,bobcat
1087,0,0,0,bobcat
1088,0,1,0,bobcat
1089,0,0,0,bobcat
1090,0,0,1,bobcat
1091,0,0,0,bobcat
1092,0,0,0,bobcat
1093,0,0,0,bobcat
1094,0,0,0,bobcat
1095,0,0,0,bobcat
1096,1,0,0,bobcat
1097,0,0,0,bobcat
1098,0,0,0,bobcat
1099,0,0,0,bobcat
1100,0,0,0,bobcat
1101,0,0,0,bobcat
1102,0,0,0,bobcat
1103,0,0,0,bobcat
1104,0,0,0,bobcat
1105,0,0,0,bobcat
1106,0,0,0,bobcat
1107,0,0,0,bobcat
1108,0,0,0,bobcat
1109,0,0,0,bobcat
1110,0,0,1,bobcat
1111,0,0,0,bobcat
1112,0,0,0,bobcat
1113,0,0,0,bobcat
1114,1,0,0,bobcat
1115,0,0,0,bobcat
1116,0,0,0,bobcat
1117,1,0,0,bobcat
1118,0,0,0,bobcat
1119,0,0,0,bobcat
1120,0,0,0,bobcat
1121,0,0,0,bobcat
1122,0,0,0,bobcat
1123,0,0,0,bobcat
1124,0,0,0,bobcat
1125,0,0,0,bobcat
1126,0,0,0,bobcat
1127,0,0,0,bobcat
1128,0,0,1,bobcat
1129,0,0,0,bobcat
1130,0,0,0,bobcat
1131,0,0,0,bobcat
1132,0,0,0,bobcat
1133,0,0,0,bobcat
1134,0,0,0,bobcat
1135,0,0,0,bobcat
1136,0,1,0,bobcat
1137,0,0,0,bobcat
1138,0,0,0,bobcat
1139,0,0,0,bobcat
1140,0,0,0,bobcat
1141,0,0,0,bobcat
1142,0,0,0,bobcat
1143,0,0,0,bobcat
1144,1,0,0,bobcat
1145,0,0,0,bobcat
1146,0,0,0,bobcat
1147,1,0,1,bobcat
1148,0,0,0,bobcat
1149,0,0,0,bobcat
1150,1,0,1,bobcat
1151,0,0,1,bobcat
1152,0,0,0,bobcat
1153,0,0,0,bobcat
1154,0,0,0,bobcat
1155,0,0,0,bobcat
1156,0,0,0,bobcat
1157,0,0,0,bobcat
1158,0,0,0,bobcat
1159,0,0,0,bobcat
1160,0,0,0,bobcat
1161,0,0,0,bobcat
1162,0,0,0,bobcat
1163,0,0,0,bobcat
1164,0,0,0,bobcat
1165,0,0,0,bobcat
1166,0,0,0,bobcat
1167,0,0,0,bobcat
1168,0,0,0,bobcat
1169,0,0,0,bobcat
1170,0,0,0,bobcat
1171,0,0,0,bobcat
1172,0,0,0,bobcat
1173,0,0,0,bobcat
1174,0,0,0,bobcat
1175,0,0,0,bobcat
1176,0,0,0,bobcat
1177,0,0,0,bobcat
1178,0,0,0,bobcat
1179,0,0,0,bobcat
1180,0,0,0,bobcat
1181,0,0,0,bobcat
1182,0,0,0,bobcat
1183,0,0,0,bobcat
1184,0,0,0,bobcat
1185,0,0,0,bobcat
1186,0,0,0,bobcat
1187,0,0,0,bobcat
1188,0,0,0,bobcat
1189,0,0,0,bobcat
1190,0,0,0,bobcat
1191,0,0,0,bobcat
1192,0,0,0,bobcat
1193,0,0,0,bobcat
1194,0,0,0,bobcat
1195,0,0,0,bobcat
1196,0,0,0,bobcat
1197,0,0,0,bobcat
1198,0,0,0,bobcat
1199,0,0,0,bobcat
1200,0,0,0,bobcat
1201,0,0,0,bobcat
1202,0,0,0,bobcat
1203,0,0,0,bobcat
1204,0,0,0,bobcat
1205,0,0,0,bobcat
1206,0,0,0,bobcat
1207,0,0,0,bobcat
1208,0,0,0,bobcat
1209,0,0,0,bobcat
1210,0,0,0,bobcat
1211,0,0,0,bobcat
1212,0,0,0,bobcat
1213,0,0,0,bobcat
1214,0,0,0,bobcat
1215,0,0,0,bobcat
1216,0,0,0,bobcat
1217,0,0,0,bobcat
1218,0,0,0,bobcat
1219,0,0,0,bobcat
1220,0,0,0,bobcat
1221,1,0,0,bobcat
1222,0,0,0,bobcat
1223,0,0,0,bobcat
1224,0,0,0,bobcat
1225,0,0,0,bobcat
1226,0,0,0,bobcat
1227,0,0,0,bobcat
1228,0,0,0,bobcat
1229,0,0,0,bobcat
1230,0,0,0,bobcat
1231,0,0,0,bobcat
1232,0,0,0,bobcat
1233,0,0,0,bobcat
1234,0,0,0,bobcat
1235,0,0,0,bobcat
1236,0,0,0,bobcat
1237,0,0,0,bobcat
1238,0,0,0,bobcat
1239,0,0,0,bobcat
1240,0,0,0,bobcat
1241,0,0,0,bobcat
1242,0,0,0,bobcat
1243,0,0,0,bobcat
1244,0,0,0,bobcat
1245,0,0,0,bobcat
1246,0,0,0,bobcat
1247,0,0,0,bobcat
1248,0,0,0,bobcat
1249,0,0,0,bobcat
1250,0,0,0,bobcat
1251,0,0,0,bobcat
1252,0,0,0,bobcat
1253,0,1,0,bobcat
1254,0,0,0,bobcat
1255,0,0,0,bobcat
1256,0,0,1,bobcat
1257,0,0,0,bobcat
1258,0,0,0,bobcat
1259,0,0,0,bobcat
1260,0,0,0,bobcat
1261,0,0,0,bobcat
1262,0,0,0,bobcat
1263,0,0,0,bobcat
1264,0,0,1,bobcat
1265,0,0,0,bobcat
1266,0,1,0,bobcat
1267,0,0,1,bobcat
1268,0,0,0,bobcat
1269,0,0,0,bobcat
1270,0,0,0,bobcat
1271,0,0,0,bobcat
1272,0,1,1,bobcat
1273,0,0,0,bobcat
1274,0,0,0,bobcat
1275,0,0,0,bobcat
1276,0,0,0,bobcat
1277,0,0,1,bobcat
1278,0,0,0,bobcat
1279,0,1,0,bobcat
1280,0,1,0,bobcat
1281,0,0,0,bobcat
1282,0,0,0,bobcat
1283,0,0,0,bobcat
1284,0,0,0,bobcat
1285,0,0,0,bobcat
1286,0,0,0,bobcat
1287,1,0,1,bobcat
1288,1,0,0,bobcat
1289,1,0,1,bobcat
1290,0,0,0,bobcat
1291,0,0,0,bobcat
1292,0,0,0,bobcat
1293,0,0,0,bobcat
1294,0,1,1,bobcat
1295,1,1,1,bobcat
1296,0,0,0,bobcat
1297,0,1,0,bobcat
1298,0,0,1,bobcat
1299,0,0,1,bobcat
1300,0,0,0,bobcat
1301,1,1,0,bobcat
1302,0,0,0,bobcat
1303,0,1,0,bobcat
1304,0,0,0,bobcat
1305,0,0,1,bobcat
1306,0,0,1,bobcat
1307,0,0,0,bobcat
1308,0,0,0,bobcat
1309,1,0,0,bobcat
1310,0,0,0,bobcat
1311,0,0,0,bobcat
1312,0,0,0,bobcat
1313,0,0,0,bobcat
1314,1,0,0,bobcat
1315,1,0,1,bobcat
1316,0,0,0,bobcat
1317,0,0,1,bobcat
1318,0,0,0,bobcat
1319,0,0,0,bobcat
1320,0,1,0,bobcat
1321,1,1,0,bobcat
1322,0,0,0,bobcat
1323,0,0,1,bobcat
1324,0,0,0,bobcat
1325,0,0,1,bobcat
1326,0,0,0,bobcat
1327,0,0,0,bobcat
1328,0,0,0,bobcat
1329,0,0,0,bobcat
1330,0,0,0,bobcat
1331,0,0,0,bobcat
1332,0,0,0,bobcat
1333,1,0,0,bobcat
1334,0,0,0,bobcat
1335,0,0,1,bobcat
1336,0,0,0,bobcat
1337,0,0,0,bobcat
1338,0,0,1,bobcat
1339,0,0,0,bobcat
1340,0,0,0,bobcat
1341,0,0,0,bobcat
1342,0,0,0,bobcat
1343,0,0,0,bobcat
1344,0,0,0,bobcat
1345,0,0,0,bobcat
1346,0,0,0,bobcat
1347,0,0,0,bobcat
1348,0,0,0,bobcat
1349,0,0,0,bobcat
1350,0,0,0,bobcat
1351,0,0,0,bobcat
1352,0,0,0,bobcat
1353,0,0,0,bobcat
1354,0,0,0,bobcat
1355,0,0,0,bobcat
1356,0,0,0,bobcat
1357,0,0,0,bobcat
1358,0,0,0,bobcat
1359,0,0,0,bobcat
1360,0,0,0,bobcat
1361,0,0,0,bobcat
1362,0,0,0,bobcat
1363,0,0,0,bobcat
1364,0,0,0,bobcat
1365,0,0,0,bobcat
1366,0,0,0,bobcat
1367,0,0,0,bobcat
1368,0,0,0,bobcat
1369,0,0,0,bobcat
1370,0,0,0,bobcat
1371,0,0,0,bobcat
1372,0,0,0,bobcat
1373,0,0,0,bobcat
1374,0,0,0,bobcat
1375,0,0,0,bobcat
1376,0,0,0,bobcat
1377,0,0,0,bobcat
1378,0,0,0,bobcat
1379,0,0,0,bobcat
1380,0,0,0,bobcat
1381,0,0,0,bobcat
1382,0,0,0,bobcat
1383,0,0,0,bobcat
1384,0,0,0,bobcat
1385,0,0,0,bobcat
1386,0,0,0,bobcat
1387,0,0,0,bobcat
1388,0,0,0,bobcat
1389,0,0,0,bobcat
1390,0,0,0,bobcat
1391,0,0,0,bobcat
1392,0,0,0,bobcat
1393,0,0,0,bobcat
1394,0,1,0,bobcat
1395,0,0,0,bobcat
1396,0,0,0,bobcat
1397,0,0,0,bobcat
1398,0,0,0,bobcat
1399,0,1,0,bobcat
1400,1,0,0,bobcat
1401,1,1,1,bobcat
1402,0,0,0,bobcat
1403,0,0,1,bobcat
1404,0,0,0,bobcat
1405,0,0,0,bobcat
1406,0,0,1,bobcat
1407,0,0,0,bobcat
1408,0,0,0,bobcat
1409,0,0,0,bobcat
1410,1,0,1,bobcat
1411,0,0,0,bobcat
1412,1,1,1,bobcat
1413,0,0,0,bobcat
1414,0,0,0,bobcat
1415,1,1,1,bobcat
1416,0,0,0,bobcat
1417,0,1,1,bobcat
1418,0,0,0,bobcat
1419,0,0,0,bobcat
1420,1,0,1,bobcat
1421,0,0,0,bobcat
1422,1,1,1,bobcat
1423,0,0,0,bobcat
1424,0,0,0,bobcat
1425,0,0,0,bobcat
1426,0,0,0,bobcat
1427,0,0,0,bobcat
1428,0,0,0,bobcat
1429,1,1,0,bobcat
1430,0,0,0,bobcat
1431,0,0,0,bobcat
1432,1,0,1,bobcat
1433,0,0,0,bobcat
1434,0,0,0,bobcat
1435,0,0,0,bobcat
1436,0,0,0,bobcat
1437,0,0,0,bobcat
1438,0,0,0,coyote
1439,0,0,0,coyote
1440,0,0,0,coyote
1441,0,0,0,coyote
1442,0,0,0,coyote
1443,0,0,0,coyote
1444,0,0,0,coyote
1445,0,0,0,coyote
1446,0,0,0,coyote
1447,0,0,0,coyote
1448,0,0,0,coyote
1449,0,0,0,coyote
1450,0,0,0,coyote
1451,0,0,0,coyote
1452,0,0,0,coyote
1453,0,0,0,coyote
1454,0,0,0,coyote
1455,0,0,0,coyote
1456,0,0,0,coyote
1457,0,0,0,coyote
1458,0,0,0,coyote
1459,0,0,0,coyote
1460,0,0,0,coyote
1461,0,0,0,coyote
1462,0,0,0,coyote
1463,0,0,0,coyote
1464,0,0,0,coyote
1465,0,0,0,coyote
1466,0,0,0,coyote
1467,0,0,0,coyote
1468,0,0,0,coyote
1469,0,0,0,coyote
1470,0,0,0,coyote
1471,0,0,0,coyote
1472,0,0,0,coyote
1473,0,0,0,coyote
1474,1,0,0,coyote
1475,0,0,0,coyote
1476,0,1,1,coyote
1477,0,0,0,coyote
1478,0,0,0,coyote
1479,0,0,0,coyote
1480,0,0,0,coyote
1481,0,0,0,coyote
1482,0,0,0,coyote
1483,1,0,0,coyote
1484,0,0,0,coyote
1485,0,0,0,coyote
1486,0,0,0,coyote
1487,0,0,0,coyote
1488,0,0,0,coyote
1489,1,0,0,coyote
1490,0,0,0,coyote
1491,0,0,0,coyote
1492,0,0,0,coyote
1493,0,0,0,coyote
1494,0,0,0,coyote
1495,0,0,0,coyote
1496,0,0,0,coyote
1497,0,0,0,coyote
1498,1,0,1,coyote
1499,0,0,0,coyote
1500,0,0,0,coyote
1501,0,0,0,coyote
1502,0,0,0,coyote
1503,0,0,0,coyote
1504,0,0,0,coyote
1505,0,0,1,coyote
1506,0,0,0,coyote
1507,0,0,0,coyote
1508,0,0,0,coyote
1509,0,0,0,coyote
1510,0,0,0,coyote
1511,0,0,0,coyote
1512,0,0,0,coyote
1513,0,0,0,coyote
1514,0,0,0,coyote
1515,0,0,0,coyote
1516,0,0,0,coyote
1517,0,1,1,coyote
1518,0,0,0,coyote
1519,0,0,0,coyote
1520,0,0,0,coyote
1521,0,0,0,coyote
1522,0,0,0,coyote
1523,0,0,0,coyote
1524,0,0,0,coyote
1525,0,0,0,coyote
1526,0,0,0,coyote
1527,0,0,0,coyote
1528,0,0,0,coyote
1529,0,1,0,coyote
1530,0,0,0,coyote
1531,0,0,0,coyote
1532,0,0,0,coyote
1533,0,0,0,coyote
1534,0,0,0,coyote
1535,0,0,0,coyote
1536,0,1,0,coyote
1537,0,0,0,coyote
1538,1,0,0,coyote
1539,0,0,0,coyote
1540,0,0,0,coyote
1541,1,0,1,coyote
1542,0,0,0,coyote
1543,0,0,0,coyote
1544,0,0,0,coyote
1545,0,0,0,coyote
1546,0,1,0,coyote
1547,0,0,0,coyote
1548,0,0,0,coyote
1549,1,1,0,coyote
1550,0,0,0,coyote
1551,0,0,0,coyote
1552,0,1,0,coyote
1553,0,0,0,coyote
1554,0,0,0,coyote
1555,0,0,0,coyote
1556,0,0,0,coyote
1557,1,1,0,coyote
1558,0,0,0,coyote
1559,0,0,0,coyote
1560,0,0,0,coyote
1561,0,0,0,coyote
1562,0,0,0,coyote
1563,0,0,0,coyote
1564,0,0,0,coyote
1565,0,0,0,coyote
1566,0,0,0,coyote
1567,0,0,0,coyote
1568,1,0,1,coyote
1569,0,0,0,coyote
1570,0,0,1,coyote
1571,0,0,0,coyote
1572,0,0,0,coyote
1573,0,0,0,coyote
1574,0,0,0,coyote
1575,0,0,0,coyote
1576,0,0,0,coyote
1577,0,0,0,coyote
1578,0,0,0,coyote
1579,0,0,0,coyote
1580,0,0,0,coyote
1581,0,0,0,coyote
1582,0,0,0,coyote
1583,0,0,0,coyote
1584,0,0,0,coyote
1585,0,1,0,coyote
1586,1,0,1,coyote
1587,0,0,0,coyote
1588,1,1,1,coyote
1589,0,0,0,coyote
1590,0,1,0,coyote
1591,1,1,1,coyote
1592,0,0,0,coyote
1593,0,0,0,coyote
1594,0,1,0,coyote
1595,0,0,0,coyote
1596,0,0,0,coyote
1597,0,0,0,coyote
1598,0,0,0,coyote
1599,0,0,0,coyote
1600,0,0,0,coyote
1601,0,0,0,coyote
1602,0,0,0,coyote
1603,0,0,0,coyote
1604,0,0,0,coyote
1605,0,0,0,coyote
1606,0,0,0,coyote
1607,0,0,0,coyote
1608,0,0,0,coyote
1609,0,0,0,coyote
1610,0,0,0,coyote
1611,0,0,0,coyote
1612,0,0,0,coyote
1613,0,0,0,coyote
1614,0,0,0,coyote
1615,0,0,0,coyote
1616,0,1,0,coyote
1617,0,0,0,coyote
1618,0,0,0,coyote
1619,0,0,0,coyote
1620,0,0,0,coyote
1621,0,0,0,coyote
1622,1,0,0,coyote
1623,0,0,1,coyote
1624,0,0,0,coyote
1625,0,0,0,coyote
1626,0,0,0,coyote
1627,0,0,0,coyote
1628,1,0,1,coyote
1629,0,1,0,coyote
1630,0,0,1,coyote
1631,1,0,1,coyote
1632,0,0,0,coyote
1633,0,0,0,coyote
1634,0,0,0,coyote
1635,0,0,0,coyote
1636,1,0,0,coyote
1637,0,0,0,coyote
1638,0,0,0,coyote
1639,0,0,0,coyote
1640,0,0,0,coyote
1641,0,0,0,coyote
1642,0,0,0,coyote
1643,0,0,0,coyote
1644,0,0,0,coyote
1645,0,0,0,coyote
1646,0,0,0,coyote
1647,1,0,0,coyote
1648,1,0,0,coyote
1649,0,0,0,coyote
1650,0,0,0,coyote
1651,0,0,0,coyote
1652,0,0,0,coyote
1653,0,0,0,coyote
1654,0,0,0,coyote
1655,0,0,0,coyote
1656,0,0,0,coyote
1657,0,0,0,coyote
1658,0,0,1,coyote
1659,0,0,0,coyote
1660,0,0,0,coyote
1661,0,0,0,coyote
1662,0,0,0,coyote
1663,0,0,0,coyote
1664,0,0,0,coyote
1665,0,0,0,coyote
1666,0,0,0,coyote
1667,0,0,0,coyote
1668,1,0,0,coyote
1669,0,1,0,coyote
1670,0,0,0,coyote
1671,0,0,0,coyote
1672,0,0,0,coyote
1673,0,0,0,coyote
1674,0,0,0,coyote
1675,0,0,0,coyote
1676,0,0,0,coyote
1677,0,0,0,coyote
1678,0,0,0,coyote
1679,0,1,0,coyote
1680,1,0,1,coyote
1681,0,0,0,coyote
1682,0,0,0,coyote
1683,1,0,0,coyote
1684,0,0,0,coyote
1685,0,1,0,coyote
1686,1,1,1,coyote
1687,1,0,0,coyote
1688,0,0,0,coyote
1689,0,0,0,coyote
1690,0,0,0,coyote
1691,0,1,0,coyote
1692,0,0,0,coyote
1693,0,0,0,coyote
1694,0,1,0,coyote
1695,0,0,0,coyote
1696,0,0,1,coyote
1697,0,0,0,coyote
1698,0,0,0,coyote
1699,0,0,0,coyote
1700,0,0,0,coyote
1701,0,0,0,coyote
1702,1,1,1,coyote
1703,0,1,0,coyote
1704,1,0,1,coyote
1705,0,0,0,coyote
1706,1,1,0,coyote
1707,0,0,0,coyote
1708,1,1,0,coyote
1709,0,0,0,coyote
1710,0,0,0,coyote
1711,1,1,1,coyote
1712,0,0,0,coyote
1713,1,1,1,coyote
1714,1,0,0,coyote
1715,1,0,0,coyote
1716,0,0,0,coyote
1717,0,0,0,coyote
1718,0,0,0,coyote
1719,0,0,0,coyote
1720,0,0,0,coyote
1721,0,0,0,coyote
1722,0,0,0,coyote
1723,1,1,0,coyote
1724,0,0,0,coyote
1725,0,0,1,coyote
1726,0,0,1,coyote
1727,0,0,0,coyote
1728,0,0,0,coyote
1729,0,0,0,coyote
1730,0,1,0,coyote
1731,0,0,0,coyote
1732,0,0,0,coyote
1733,1,1,1,coyote
1734,0,0,0,coyote
1735,1,0,0,coyote
1736,0,0,0,coyote
1737,0,0,0,coyote
1738,0,0,0,coyote
1739,1,1,1,coyote
1740,0,0,0,coyote
1741,0,0,0,coyote
1742,0,0,0,coyote
1743,0,0,0,coyote
1744,0,0,0,coyote
1745,0,0,0,coyote
1746,1,0,0,coyote
1747,0,1,0,coyote
1748,0,0,0,coyote
1749,0,1,0,coyote
1750,0,0,0,coyote
1751,0,0,0,coyote
1752,0,0,0,coyote
1753,0,0,0,coyote
1754,0,0,0,coyote
1755,0,0,0,coyote
1756,0,0,0,coyote
1757,0,0,0,coyote
1758,0,0,0,coyote
1759,0,0,0,coyote
1760,0,0,0,coyote
1761,0,1,1,coyote
1762,0,0,0,coyote
1763,0,0,0,coyote
1764,0,1,1,coyote
1765,0,1,1,coyote
1766,0,0,0,coyote
1767,1,1,1,coyote
1768,0,0,0,coyote
1769,0,1,0,coyote
1770,0,1,1,coyote
1771,0,0,0,coyote
1772,1,0,0,coyote
1773,1,1,0,coyote
1774,0,0,0,coyote
1775,1,0,0,coyote
1776,0,0,0,coyote
1777,0,0,0,coyote
1778,0,1,0,coyote
1779,1,1,0,coyote
1780,0,0,0,coyote
1781,0,0,0,coyote
1782,1,1,1,coyote
1783,0,0,0,coyote
1784,0,1,0,coyote
1785,0,0,0,coyote
1786,0,0,0,coyote
1787,1,1,1,coyote
1788,0,0,0,coyote
1789,0,0,0,coyote
1790,0,0,0,coyote
1791,1,1,0,coyote
1792,0,0,0,coyote
1793,1,1,1,coyote
1794,0,0,0,coyote
1795,0,0,0,coyote
1796,1,1,1,coyote
1797,0,0,0,coyote
1798,0,0,1,coyote
1799,1,0,0,coyote
1800,0,0,0,coyote
1801,0,0,0,coyote
1802,1,1,1,coyote
1803,0,0,0,coyote
1804,0,0,0,coyote
1805,0,0,0,coyote
1806,0,0,0,coyote
1807,0,0,0,coyote
1808,0,0,0,coyote
1809,0,0,0,coyote
1810,0,0,0,coyote
1811,0,0,0,coyote
1812,0,0,0,coyote
1813,0,0,0,coyote
1814,0,0,0,coyote
1815,0,0,0,coyote
1816,0,0,0,coyote
1817,0,0,0,coyote
1818,0,0,0,coyote
1819,0,0,0,coyote
1820,0,0,0,coyote
1821,0,0,0,coyote
1822,0,0,0,coyote
1823,0,0,0,coyote
1824,0,0,0,coyote
1825,0,0,0,coyote
1826,0,0,0,coyote
1827,0,0,0,coyote
1828,0,0,0,coyote
1829,0,0,0,coyote
1830,1,1,1,coyote
1831,0,0,0,coyote
1832,0,1,1,coyote
1833,0,0,0,coyote
1834,0,0,0,coyote
1835,1,1,1,coyote
1836,0,0,0,coyote
1837,0,1,0,coyote
1838,0,0,0,coyote
1839,1,1,1,coyote
1840,0,0,0,coyote
1841,0,0,0,coyote
1842,0,0,0,coyote
1843,0,0,0,coyote
1844,0,0,0,coyote
1845,1,1,1,coyote
1846,0,0,0,coyote
1847,0,0,0,coyote
1848,0,1,1,coyote
1849,0,0,0,coyote
1850,1,1,0,coyote
1851,0,0,0,coyote
1852,0,0,0,coyote
1853,0,1,1,coyote
1854,0,0,0,coyote
1855,0,0,0,coyote
1856,0,0,0,coyote
1857,0,0,0,coyote
1858,0,0,0,coyote
1859,0,0,0,coyote
1860,0,0,0,coyote
1861,0,0,0,coyote
1862,0,1,0,coyote
1863,0,0,0,coyote
1864,0,0,0,coyote
1865,0,0,0,coyote
1866,0,0,0,coyote
1867,0,1,0,coyote
1868,0,0,0,coyote
1869,0,0,0,coyote
1870,1,1,0,coyote
1871,0,0,0,coyote
1872,0,0,0,coyote
1873,0,0,0,coyote
1874,0,0,0,coyote
1875,0,0,0,coyote
1876,0,0,0,coyote
1877,0,0,0,coyote
1878,0,0,0,coyote
1879,0,0,0,coyote
1880,0,0,0,coyote
1881,0,0,0,coyote
1882,0,0,0,coyote
1883,0,0,0,coyote
1884,0,0,0,coyote
1885,0,0,0,coyote
1886,0,0,0,coyote
1887,0,0,0,coyote
1888,0,0,0,coyote
1889,0,0,0,coyote
1890,0,0,0,coyote
1891,0,0,0,coyote
1892,0,0,0,coyote
1893,0,0,0,coyote
1894,0,0,0,coyote
1895,0,0,0,coyote
1896,0,0,0,coyote
1897,0,0,0,coyote
1898,0,0,0,coyote
1899,0,1,0,coyote
1900,0,0,0,coyote
1901,0,0,0,coyote
1902,0,0,0,coyote
1903,0,0,0,coyote
1904,0,0,0,coyote
1905,0,0,0,coyote
1906,0,0,0,coyote
1907,0,0,0,coyote
1908,0,0,0,coyote
1909,0,0,0,coyote
1910,0,0,0,coyote
1911,0,0,0,coyote
1912,0,0,0,coyote
1913,1,0,0,coyote
1914,0,0,0,coyote
1915,0,0,1,coyote
1916,0,0,0,coyote
1917,0,0,0,coyote
1918,0,0,0,coyote
1919,0,0,0,coyote
1920,0,0,0,coyote
1921,0,0,0,coyote
1922,0,0,0,coyote
1923,0,0,0,coyote
1924,0,0,0,coyote
1925,0,0,0,coyote
1926,0,0,0,coyote
1927,0,0,0,coyote
1928,0,0,0,coyote
1929,1,0,0,coyote
1930,0,0,0,coyote
1931,0,0,0,coyote
1932,0,0,0,coyote
1933,0,0,0,coyote
1934,0,1,0,coyote
1935,0,1,0,coyote
1936,1,0,0,coyote
1937,0,0,0,coyote
1938,0,1,0,coyote
1939,0,0,0,coyote
1940,0,1,0,coyote
1941,0,0,1,coyote
1942,0,0,0,coyote
1943,0,0,0,coyote
1944,1,0,0,coyote
1945,0,0,1,coyote
1946,0,0,0,coyote
1947,0,0,0,coyote
1948,0,0,0,coyote
1949,0,0,0,coyote
1950,0,1,0,coyote
1951,0,0,0,coyote
1952,0,0,0,coyote
1953,0,0,0,coyote
1954,0,0,0,coyote
1955,0,0,0,coyote
1956,0,0,1,coyote
1957,0,0,0,coyote
1958,1,1,0,coyote
1959,0,0,0,coyote
1960,0,0,0,coyote
1961,0,0,1,coyote
1962,0,0,0,coyote
1963,1,0,0,coyote
1964,1,1,1,coyote
1965,0,0,0,coyote
1966,0,0,0,coyote
1967,0,0,0,coyote
1968,0,0,1,coyote
1969,1,1,0,coyote
1970,0,0,0,coyote
1971,1,0,1,coyote
1972,0,0,0,coyote
1973,1,0,0,coyote
1974,0,0,0,coyote
1975,0,1,0,coyote
1976,0,0,0,coyote
1977,0,0,0,coyote
1978,0,0,0,coyote
1979,0,0,0,coyote
1980,0,0,0,coyote
1981,0,0,0,coyote
1982,0,0,0,coyote
1983,0,1,1,coyote
1984,0,1,1,coyote
1985,0,0,0,coyote
1986,0,0,0,coyote
1987,1,0,0,coyote
1988,0,0,0,coyote
1989,0,0,0,coyote
1990,1,1,1,coyote
1991,0,0,0,coyote
1992,0,0,0,coyote
1993,0,1,1,coyote
1994,0,0,0,coyote
1995,0,0,0,coyote
1996,1,1,1,coyote
1997,0,0,0,coyote
1998,0,0,0,coyote
1999,1,1,1,coyote
2000,1,0,0,coyote
2001,0,0,0,coyote
2002,0,0,0,coyote
2003,0,0,0,coyote
2004,0,0,0,coyote
2005,0,1,1,coyote
2006,0,0,0,coyote
2007,0,0,1,coyote
2008,0,1,1,coyote
2009,1,0,0,coyote
2010,1,0,0,coyote
2011,1,1,1,coyote
2012,0,0,0,coyote
2013,0,0,0,coyote
2014,0,0,1,coyote
2015,0,1,1,coyote
2016,0,0,0,coyote
2017,0,0,0,coyote
2018,0,0,0,coyote
2019,0,0,0,coyote
2020,0,0,0,coyote
2021,0,0,0,coyote
2022,0,1,1,coyote
2023,0,0,0,coyote
2024,0,0,0,coyote
2025,1,1,1,coyote
2026,0,0,0,coyote
2027,0,0,0,coyote
2028,1,1,1,coyote
2029,0,0,0,coyote
2030,0,0,0,coyote
2031,1,1,1,coyote
2032,1,0,0,coyote
2033,0,0,0,coyote
2034,0,1,0,coyote
2035,0,1,0,coyote
2036,0,1,0,coyote
2037,0,0,0,coyote
2038,0,0,0,coyote
2039,0,1,0,coyote
2040,1,0,0,coyote
2041,0,0,0,coyote
2042,1,1,0,coyote
2043,1,1,0,coyote
2044,0,1,1,coyote
2045,0,0,0,coyote
2046,0,0,0,coyote
2047,0,0,0,coyote
2048,0,0,0,coyote
2049,1,1,1,coyote
2050,0,0,0,coyote
2051,1,0,1,coyote
2052,0,0,0,coyote
2053,0,1,0,coyote
2054,0,0,0,coyote
2055,0,0,0,coyote
2056,0,0,0,coyote
2057,1,1,1,coyote
2058,0,0,0,coyote
2059,0,1,0,coyote
2060,0,0,0,coyote
2061,0,0,0,coyote
2062,0,0,0,coyote
2063,0,0,0,coyote
2064,1,1,0,coyote
2065,0,0,0,coyote
2066,1,1,1,coyote
2067,0,0,0,coyote
2068,0,1,0,coyote
2069,0,1,0,coyote
2070,0,0,0,coyote
2071,0,0,0,coyote
2072,0,0,0,coyote
2073,0,0,0,coyote
2074,1,1,1,coyote
2075,0,0,0,coyote
2076,0,0,0,coyote
2077,0,0,0,coyote
2078,0,0,0,coyote
2079,1,0,0,coyote
2080,0,0,0,coyote
2081,0,0,0,coyote
2082,0,0,0,coyote
2083,0,0,0,coyote
2084,0,0,0,coyote
2085,0,0,0,coyote
2086,0,0,0,coyote
2087,0,0,0,coyote
2088,0,0,0,coyote
2089,0,0,0,coyote
2090,0,0,0,coyote
2091,0,0,0,coyote
2092,0,0,0,coyote
2093,0,0,0,coyote
2094,0,0,1,coyote
2095,0,0,0,coyote
2096,0,1,1,coyote
2097,0,0,0,coyote
2098,0,0,0,coyote
2099,0,1,0,coyote
2100,0,0,0,coyote
2101,0,0,0,coyote
2102,0,0,0,coyote
2103,1,1,0,coyote
2104,0,0,0,coyote
2105,0,1,1,coyote
2106,1,1,1,coyote
2107,0,0,0,coyote
2108,0,0,0,coyote
2109,1,1,1,coyote
2110,0,0,0,coyote
2111,0,0,0,coyote
2112,1,0,1,coyote
2113,1,0,0,coyote
2114,0,0,0,coyote
2115,0,0,0,coyote
2116,0,0,0,coyote
2117,0,0,0,coyote
2118,0,1,1,coyote
2119,0,0,0,coyote
2120,0,0,0,coyote
2121,0,0,1,coyote
2122,0,0,0,coyote
2123,0,0,0,coyote
2124,1,0,0,coyote
2125,1,0,0,coyote
2126,1,0,0,coyote
2127,0,0,0,coyote
2128,0,1,0,coyote
2129,0,0,0,coyote
2130,0,0,0,coyote
2131,0,0,1,coyote
2132,1,0,1,coyote
2133,0,0,0,coyote
2134,0,0,0,coyote
2135,0,0,0,coyote
2136,0,0,0,coyote
2137,1,0,0,coyote
2138,0,0,0,coyote
2139,0,0,0,coyote
2140,0,0,0,coyote
2141,0,0,0,coyote
2142,0,0,0,coyote
2143,0,0,0,coyote
2144,0,0,0,coyote
2145,1,0,0,coyote
2146,0,0,0,coyote
2147,0,0,0,coyote
2148,0,0,1,coyote
2149,0,0,0,coyote
2150,0,0,0,coyote
2151,0,0,0,coyote
2152,1,0,0,coyote
2153,0,0,0,coyote
2154,1,0,0,coyote
2155,0,0,1,coyote
2156,0,0,0,coyote
2157,0,0,0,coyote
2158,0,0,0,coyote
2159,0,0,0,coyote
2160,0,1,1,coyote
2161,0,0,1,coyote
2162,0,0,0,coyote
2163,1,0,0,coyote
2164,0,1,0,coyote
2165,0,0,0,coyote
2166,0,0,0,coyote
2167,0,0,0,coyote
2168,0,0,0,coyote
2169,0,0,0,coyote
2170,0,1,0,coyote
2171,0,0,0,coyote
2172,0,0,0,coyote
2173,0,0,0,coyote
2174,0,0,0,coyote
2175,0,0,0,coyote
2176,0,0,0,coyote
2177,0,0,0,coyote
2178,0,0,0,coyote
2179,1,1,1,coyote
2180,0,0,0,coyote
2181,0,0,0,coyote
2182,0,0,0,coyote
2183,1,0,0,coyote
2184,0,0,0,coyote
2185,0,1,1,coyote
2186,0,0,0,coyote
2187,0,0,0,coyote
2188,0,1,0,coyote
2189,0,1,0,coyote
2190,0,1,0,coyote
2191,0,0,0,coyote
2192,1,0,0,coyote
2193,0,0,0,coyote
2194,0,0,0,coyote
2195,0,0,0,coyote
2196,0,1,1,coyote
2197,0,0,0,coyote
2198,0,0,1,coyote
2199,1,1,1,coyote
2200,0,0,0,coyote
2201,1,0,0,coyote
2202,1,0,0,coyote
2203,0,0,0,coyote
2204,0,1,0,coyote
2205,0,0,0,coyote
2206,0,0,0,coyote
2207,0,0,0,coyote
2208,0,0,0,coyote
2209,0,0,0,coyote
2210,0,1,0,coyote
2211,0,1,0,coyote
2212,0,0,0,coyote
2213,0,0,0,coyote
2214,0,0,0,coyote
2215,1,0,0,coyote
2216,0,0,1,coyote
2217,0,0,0,coyote
2218,0,0,1,coyote
2219,0,0,1,coyote
2220,1,0,0,coyote
2221,0,0,0,coyote
2222,1,0,0,coyote
2223,1,0,1,coyote
2224,0,1,0,coyote
2225,0,0,0,coyote
2226,0,0,0,coyote
2227,0,1,1,coyote
2228,0,1,0,coyote
2229,0,0,0,coyote
2230,0,0,0,coyote
2231,0,0,0,coyote
2232,0,1,0,coyote
2233,0,0,0,coyote
2234,0,0,0,coyote
2235,0,0,0,coyote
2236,0,0,0,coyote
2237,0,1,1,coyote
2238,0,0,0,coyote
2239,0,0,0,coyote
2240,0,0,0,coyote
2241,0,0,0,coyote
2242,0,0,0,coyote
2243,0,0,0,coyote
2244,0,0,0,coyote
2245,0,0,0,coyote
2246,0,1,0,coyote
2247,0,0,0,coyote
2248,0,0,0,coyote
2249,0,0,0,coyote
2250,0,1,0,coyote
2251,0,1,0,coyote
2252,0,0,0,coyote
2253,1,1,1,coyote
2254,0,0,0,coyote
2255,1,1,1,coyote
2256,0,0,0,coyote
2257,0,0,0,coyote
2258,0,0,0,coyote
2259,0,0,0,coyote
2260,0,0,0,coyote
2261,0,0,0,coyote
2262,0,0,0,coyote
2263,0,0,1,coyote
2264,0,0,0,coyote
2265,0,0,0,coyote
2266,0,0,0,coyote
2267,0,0,0,coyote
2268,0,0,0,coyote
2269,0,0,0,coyote
2270,1,1,0,coyote
2271,0,0,0,coyote
2272,0,0,0,coyote
2273,1,0,1,coyote
2274,0,0,0,coyote
2275,1,0,0,coyote
2276,1,0,1,coyote
2277,0,0,0,coyote
2278,1,0,0,coyote
2279,1,0,1,coyote
2280,0,1,0,coyote
2281,1,0,1,coyote
2282,0,0,0,coyote
2283,0,0,0,coyote
2284,0,0,1,coyote
2285,0,1,1,coyote
2286,0,0,0,coyote
2287,0,0,0,coyote
2288,0,0,0,coyote
2289,0,0,0,coyote
2290,0,1,0,coyote
2291,0,0,0,coyote
2292,1,0,0,coyote
2293,0,0,0,coyote
2294,0,0,0,coyote
2295,0,0,0,coyote
2296,1,0,0,coyote
2297,0,0,0,coyote
2298,1,0,0,coyote
2299,0,0,0,coyote
2300,0,0,0,coyote
2301,0,0,0,coyote
2302,0,0,0,coyote
2303,0,0,0,coyote
2304,0,0,0,coyote
2305,0,0,0,coyote
2306,0,0,1,coyote
2307,0,0,0,coyote
2308,0,0,0,coyote
2309,0,0,0,coyote
2310,0,0,0,coyote
2311,0,0,0,coyote
2312,1,0,0,coyote
2313,1,1,1,coyote
2314,1,0,0,coyote
2315,0,0,0,coyote
2316,1,0,0,coyote
2317,0,0,0,coyote
2318,0,0,1,coyote
2319,0,0,0,coyote
2320,1,0,1,coyote
2321,0,0,0,coyote
2322,0,0,0,coyote
2323,0,1,0,coyote
2324,0,0,0,coyote
2325,0,0,0,coyote
2326,0,1,1,coyote
2327,0,0,0,coyote
2328,0,0,0,coyote
2329,0,0,0,coyote
2330,0,0,0,coyote
2331,0,0,0,coyote
2332,0,0,0,coyote
2333,0,0,0,coyote
2334,0,0,0,coyote
2335,0,0,0,coyote
2336,0,0,0,coyote
2337,0,0,0,coyote
2338,1,1,1,coyote
2339,1,0,1,coyote
2340,0,0,0,coyote
2341,0,0,0,coyote
2342,0,0,0,coyote
2343,0,0,0,coyote
2344,0,0,0,coyote
2345,0,0,0,coyote
2346,0,0,0,coyote
2347,0,0,0,coyote
2348,0,0,0,coyote
2349,0,0,0,coyote
2350,0,0,0,coyote
2351,0,0,0,coyote
2352,0,0,0,coyote
2353,0,1,0,coyote
2354,1,0,0,coyote
2355,0,1,0,coyote
2356,0,0,0,coyote
2357,0,0,0,coyote
2358,0,0,0,coyote
2359,0,0,0,coyote
2360,0,0,0,coyote
2361,0,0,0,coyote
2362,0,0,0,coyote
2363,0,0,0,coyote
2364,1,0,0,coyote
2365,0,0,0,coyote
2366,1,0,0,coyote
2367,0,0,0,coyote
2368,1,0,1,coyote
2369,1,0,0,coyote
2370,0,0,0,coyote
2371,0,1,1,coyote
2372,0,0,0,coyote
2373,0,1,0,coyote
2374,0,0,0,coyote
2375,1,0,0,coyote
2376,0,0,0,coyote
2377,0,1,0,coyote
2378,1,0,0,coyote
2379,0,0,0,coyote
2380,0,0,0,coyote
2381,0,0,0,coyote
2382,0,0,0,coyote
2383,0,0,0,coyote
2384,0,0,0,coyote
2385,0,0,0,coyote
2386,0,0,0,coyote
2387,1,0,1,coyote
2388,0,0,0,coyote
2389,0,0,0,coyote
2390,0,0,0,coyote
2391,0,0,0,coyote
2392,0,0,0,coyote
2393,0,0,0,coyote
2394,0,0,0,coyote
2395,0,0,1,coyote
2396,0,1,0,coyote
2397,0,0,1,coyote
2398,1,0,0,coyote
2399,1,0,1,coyote
2400,0,0,0,coyote
2401,0,0,0,coyote
2402,0,0,0,coyote
2403,0,0,0,coyote
2404,0,0,0,coyote
2405,0,0,0,coyote
2406,0,0,0,coyote
2407,0,0,0,coyote
2408,0,0,0,coyote
2409,0,0,0,coyote
2410,0,0,1,coyote
2411,1,1,1,coyote
2412,0,0,0,coyote
2413,0,0,0,coyote
2414,0,1,1,coyote
2415,0,0,0,coyote
2416,0,0,0,coyote
2417,0,0,0,coyote
2418,1,0,0,coyote
2419,0,0,0,coyote
2420,0,0,0,coyote
2421,0,0,0,coyote
2422,0,0,0,coyote
2423,0,1,1,coyote
2424,0,0,0,coyote
2425,0,0,0,coyote
2426,0,0,0,coyote
2427,0,0,0,coyote
2428,1,0,0,coyote
2429,0,0,0,coyote
2430,0,0,0,coyote
2431,0,0,0,coyote
2432,0,1,0,coyote
2433,0,0,0,coyote
2434,0,0,0,coyote
2435,0,0,0,coyote
2436,0,0,0,coyote
2437,0,0,0,coyote
2438,1,0,1,coyote
2439,0,0,0,coyote
2440,0,0,0,coyote
2441,0,0,1,coyote
2442,0,0,0,coyote
2443,0,0,0,coyote
2444,0,0,1,coyote
2445,0,0,0,coyote
2446,0,0,1,coyote
2447,0,0,0,coyote
2448,0,0,0,coyote
2449,0,0,0,coyote
2450,0,0,0,coyote
2451,1,0,0,coyote
2452,0,0,0,coyote
2453,0,0,0,coyote
2454,0,0,0,coyote
2455,0,0,0,coyote
2456,0,0,0,coyote
2457,0,0,0,coyote
2458,0,0,0,coyote
2459,1,1,1,coyote
2460,0,0,0,coyote
2461,0,1,0,coyote
2462,1,1,1,coyote
2463,0,0,0,coyote
2464,0,0,0,coyote
2465,0,0,0,coyote
2466,0,0,0,coyote
2467,0,1,0,coyote
2468,0,0,1,coyote
2469,0,0,0,coyote
2470,0,0,0,coyote
2471,0,1,0,coyote
2472,1,0,0,coyote
2473,0,0,0,coyote
2474,0,1,0,coyote
2475,0,0,0,coyote
2476,0,0,0,coyote
2477,0,0,0,coyote
2478,0,0,1,coyote
2479,1,1,1,coyote
2480,0,1,1,coyote
2481,1,0,0,coyote
2482,1,1,1,coyote
2483,1,1,0,coyote
2484,1,1,0,coyote
2485,0,0,0,coyote
2486,0,0,0,coyote
2487,1,1,1,coyote
2488,0,0,0,coyote
2489,0,0,0,coyote
2490,0,1,1,coyote
2491,0,0,0,coyote
2492,0,1,1,coyote
2493,0,0,1,coyote
2494,0,0,0,coyote
2495,0,1,1,coyote
2496,0,0,0,coyote
2497,0,0,0,coyote
2498,1,1,0,coyote
2499,0,0,0,coyote
2500,0,0,0,coyote
2501,1,1,0,coyote
2502,1,0,0,coyote
2503,1,0,0,coyote
2504,0,0,0,coyote
2505,0,0,0,coyote
2506,0,0,0,coyote
2507,0,0,0,coyote
2508,0,0,0,coyote
2509,0,1,0,coyote
2510,0,0,0,coyote
2511,0,0,0,coyote
2512,1,0,0,coyote
2513,0,0,0,coyote
2514,0,0,0,coyote
2515,1,0,1,coyote
2516,0,0,0,coyote
2517,0,0,0,coyote
2518,1,0,1,coyote
2519,1,1,0,coyote
2520,0,0,0,coyote
2521,0,0,0,coyote
2522,1,0,0,coyote
2523,1,0,0,coyote
2524,0,0,0,coyote
2525,0,0,1,coyote
2526,0,0,0,coyote
2527,0,0,0,coyote
2528,0,0,0,coyote
2529,0,0,0,coyote
2530,1,1,1,coyote
2531,0,0,0,coyote
2532,0,0,0,coyote
2533,1,0,1,coyote
2534,0,0,0,coyote
2535,0,0,0,coyote
2536,0,1,1,coyote
2537,1,0,0,coyote
2538,0,0,0,coyote
2539,0,0,0,coyote
2540,0,0,0,coyote
2541,0,0,0,coyote
2542,0,0,0,coyote
2543,0,0,0,coyote
2544,0,0,0,coyote
2545,0,1,0,coyote
2546,0,0,0,coyote
2547,1,0,0,coyote
2548,1,1,0,coyote
2549,0,0,0,coyote
2550,0,0,0,coyote
2551,0,0,0,coyote
2552,0,0,0,coyote
2553,0,0,0,coyote
2554,1,1,1,coyote
2555,0,0,0,coyote
2556,0,0,0,coyote
2557,0,0,0,coyote
2558,1,1,1,coyote
2559,0,0,0,coyote
2560,0,0,0,coyote
2561,0,0,0,coyote
2562,0,0,1,coyote
2563,0,0,0,coyote
2564,0,0,0,coyote
2565,1,1,1,coyote
2566,0,0,0,coyote
2567,0,0,0,coyote
2568,0,0,0,coyote
2569,0,0,0,coyote
2570,0,0,0,coyote
2571,1,0,0,coyote
2572,0,0,0,coyote
2573,1,1,0,coyote
2574,0,1,0,coyote
2575,0,0,1,coyote
2576,0,0,0,coyote
2577,0,0,0,coyote
2578,0,0,0,coyote
2579,0,0,0,coyote
2580,0,0,0,coyote
2581,1,1,1,coyote
2582,1,0,1,coyote
2583,0,0,1,coyote
2584,1,1,1,coyote
2585,0,0,0,coyote
2586,0,0,1,coyote
2587,1,1,0,coyote
2588,0,1,1,coyote
2589,0,0,0,coyote
2590,0,0,0,coyote
2591,0,0,0,coyote
2592,0,0,0,coyote
2593,0,0,0,coyote
2594,0,0,0,coyote
2595,0,0,0,coyote
2596,0,0,0,coyote
2597,0,0,0,coyote
2598,0,0,0,coyote
2599,1,0,0,coyote
2600,0,0,0,coyote
2601,0,0,0,coyote
2602,0,0,0,coyote
2603,0,0,0,coyote
2604,0,0,0,coyote
2605,0,0,0,coyote
2606,0,0,0,coyote
2607,0,0,1,coyote
2608,0,0,0,coyote
2609,0,1,0,coyote
2610,1,0,1,coyote
2611,0,0,0,coyote
2612,0,0,0,coyote
2613,0,0,0,coyote
2614,0,0,0,coyote
2615,0,0,0,coyote
2616,0,0,0,coyote
2617,0,0,0,coyote
2618,0,0,0,coyote
2619,0,0,1,coyote
2620,0,0,0,coyote
2621,0,0,0,coyote
2622,0,0,0,coyote
2623,0,0,0,coyote
2624,0,0,0,coyote
2625,0,1,0,coyote
2626,0,0,0,coyote
2627,0,0,0,coyote
2628,0,0,1,coyote
2629,0,0,0,coyote
2630,0,0,0,coyote
2631,0,0,0,coyote
2632,0,0,0,coyote
2633,0,0,0,coyote
2634,0,0,0,coyote
2635,0,0,0,coyote
2636,0,0,0,coyote
2637,1,1,1,coyote
2638,1,0,0,coyote
2639,0,1,0,coyote
2640,0,0,0,coyote
2641,0,0,0,coyote
2642,0,0,0,coyote
2643,0,0,0,coyote
2644,1,1,0,coyote
2645,0,0,0,coyote
2646,0,0,0,coyote
2647,0,0,0,coyote
2648,0,0,0,coyote
2649,0,0,0,coyote
2650,0,0,1,coyote
2651,0,0,0,coyote
2652,0,0,0,coyote
2653,0,0,0,coyote
2654,0,0,0,coyote
2655,0,0,0,coyote
2656,0,0,0,coyote
2657,0,0,0,coyote
2658,0,0,0,coyote
2659,0,0,0,coyote
2660,1,0,0,coyote
2661,0,0,0,coyote
2662,0,0,0,coyote
2663,0,0,0,coyote
2664,0,0,0,coyote
2665,0,0,0,coyote
2666,0,0,0,coyote
2667,0,0,0,coyote
2668,0,1,0,coyote
2669,0,0,0,coyote
2670,0,0,0,coyote
2671,0,0,0,coyote
2672,0,0,0,coyote
2673,0,1,0,coyote
2674,1,1,1,coyote
2675,0,0,0,coyote
2676,0,0,0,coyote
2677,0,0,0,coyote
2678,0,0,0,coyote
2679,0,0,0,coyote
2680,0,0,0,coyote
2681,0,0,0,coyote
2682,1,0,0,coyote
2683,0,0,0,coyote
2684,0,0,0,coyote
2685,0,1,0,coyote
2686,0,0,0,coyote
2687,0,0,0,coyote
2688,1,1,1,coyote
2689,0,0,0,coyote
2690,1,0,1,coyote
2691,0,0,0,coyote
2692,0,0,0,coyote
2693,0,1,0,coyote
2694,0,0,0,coyote
2695,1,0,1,coyote
2696,0,0,0,coyote
2697,0,0,0,coyote
2698,1,1,0,coyote
2699,0,0,0,coyote
2700,0,0,0,coyote
2701,1,1,1,coyote
2702,0,0,0,coyote
2703,0,0,0,coyote
2704,1,0,0,coyote
2705,0,0,0,coyote
2706,0,1,0,coyote
2707,0,0,0,coyote
2708,0,0,0,coyote
2709,1,0,1,coyote
2710,0,0,0,coyote
2711,0,0,1,coyote
2712,0,0,0,coyote
2713,0,0,0,coyote
2714,0,0,0,coyote
2715,1,1,1,coyote
2716,1,0,1,coyote
2717,0,0,1,coyote
2718,0,0,0,coyote
2719,0,0,0,coyote
2720,0,0,0,coyote
2721,0,0,0,coyote
2722,0,0,0,coyote
2723,0,0,0,coyote
2724,0,0,0,coyote
2725,0,0,0,coyote
2726,0,1,0,coyote
2727,0,0,0,coyote
2728,0,0,0,coyote
2729,0,1,1,coyote
2730,0,0,0,coyote
2731,0,1,1,coyote
2732,1,1,0,coyote
2733,0,0,0,coyote
2734,1,0,1,coyote
2735,0,0,0,coyote
2736,0,1,0,coyote
2737,0,0,0,coyote
2738,0,0,0,coyote
2739,0,0,0,coyote
2740,0,0,0,coyote
2741,0,0,0,coyote
2742,0,0,0,coyote
2743,0,1,0,coyote
2744,0,0,0,coyote
2745,0,0,0,coyote
2746,0,1,0,coyote
2747,0,0,0,coyote
2748,0,0,0,coyote
2749,0,1,0,coyote
2750,0,0,0,coyote
2751,0,0,0,coyote
2752,1,0,0,coyote
2753,0,0,0,coyote
2754,0,0,0,coyote
2755,0,0,0,coyote
2756,0,0,0,coyote
2757,0,0,0,coyote
2758,0,0,0,coyote
2759,0,0,0,coyote
2760,0,0,0,coyote
2761,0,0,0,coyote
2762,1,1,1,coyote
2763,0,0,0,coyote
2764,0,0,0,coyote
2765,0,0,0,coyote
2766,1,1,1,coyote
2767,0,0,0,coyote
2768,0,0,0,coyote
2769,0,0,0,coyote
2770,0,0,0,coyote
2771,0,0,0,coyote
2772,0,0,1,coyote
2773,0,0,0,coyote
2774,0,0,0,coyote
2775,0,0,0,coyote
2776,0,0,0,coyote
2777,0,0,0,coyote
2778,0,0,0,coyote
2779,0,0,0,coyote
2780,0,0,0,coyote
2781,0,0,1,coyote
2782,0,0,0,coyote
2783,0,0,1,coyote
2784,0,0,0,coyote
2785,0,0,0,coyote
2786,0,0,0,coyote
2787,0,0,1,coyote
2788,0,0,0,coyote
2789,0,0,0,coyote
2790,0,0,0,coyote
2791,0,0,0,coyote
2792,0,0,0,coyote
2793,1,1,0,coyote
2794,1,0,0,coyote
2795,0,0,0,coyote
2796,0,0,0,coyote
2797,1,0,1,coyote
2798,0,0,0,coyote
2799,0,1,0,coyote
2800,1,0,0,coyote
2801,0,0,0,coyote
2802,0,0,0,coyote
2803,1,0,0,coyote
2804,1,0,0,coyote
2805,0,0,0,coyote
2806,0,0,0,coyote
2807,0,0,0,coyote
2808,1,0,0,coyote
2809,1,0,1,coyote
2810,0,0,0,coyote
2811,0,0,0,coyote
2812,0,0,0,coyote
2813,0,0,0,coyote
2814,1,0,0,coyote
2815,1,1,0,coyote
2816,0,0,0,coyote
2817,0,0,0,coyote
2818,0,0,0,coyote
2819,0,0,0,coyote
2820,1,0,1,coyote
2821,0,0,0,coyote
2822,0,0,0,coyote
2823,0,0,0,coyote
2824,0,0,0,coyote
2825,0,0,0,coyote
2826,0,0,0,coyote
2827,1,0,0,coyote
2828,0,0,0,coyote
2829,0,0,0,coyote
2830,0,0,0,coyote
2831,0,0,0,coyote
2832,0,0,0,coyote
2833,0,0,0,coyote
2834,1,0,0,coyote
2835,0,0,0,coyote
2836,0,0,0,coyote
2837,0,0,0,coyote
2838,1,1,1,coyote
2839,0,1,0,coyote
2840,0,1,1,coyote
2841,0,0,0,coyote
2842,0,0,0,coyote
2843,1,1,0,coyote
2844,0,0,0,coyote
2845,0,0,0,coyote
2846,0,0,0,coyote
2847,1,1,0,coyote
2848,0,0,0,coyote
2849,0,1,1,coyote
2850,0,0,0,coyote
2851,0,0,0,coyote
2852,0,1,1,coyote
2853,0,0,0,coyote
2854,0,0,0,coyote
2855,0,0,0,coyote
2856,0,0,0,coyote
2857,0,1,0,coyote
2858,0,0,0,coyote
2859,0,0,1,coyote
2860,0,0,0,coyote
2861,0,0,0,coyote
2862,0,0,0,coyote
2863,0,0,0,coyote
2864,0,0,0,coyote
2865,0,0,0,coyote
2866,0,1,0,coyote
2867,0,0,0,coyote
2868,0,0,0,coyote
2869,0,0,0,coyote
2870,0,1,0,coyote
2871,0,0,0,coyote
2872,0,0,0,coyote
2873,0,0,0,coyote
2874,0,0,0,coyote
2875,0,0,0,red_fox
2876,0,0,0,red_fox
2877,0,0,1,red_fox
2878,0,0,0,red_fox
2879,0,0,0,red_fox
2880,1,1,1,red_fox
2881,0,0,0,red_fox
2882,0,0,0,red_fox
2883,0,0,0,red_fox
2884,0,0,0,red_fox
2885,0,1,0,red_fox
2886,0,0,0,red_fox
2887,1,0,0,red_fox
2888,0,0,0,red_fox
2889,0,1,0,red_fox
2890,0,0,0,red_fox
2891,1,0,0,red_fox
2892,1,1,0,red_fox
2893,0,1,1,red_fox
2894,1,0,0,red_fox
2895,0,0,0,red_fox
2896,0,0,0,red_fox
2897,0,0,0,red_fox
2898,0,0,0,red_fox
2899,0,0,0,red_fox
2900,1,0,1,red_fox
2901,0,0,0,red_fox
2902,0,0,0,red_fox
2903,0,0,0,red_fox
2904,0,1,1,red_fox
2905,1,1,1,red_fox
2906,0,0,0,red_fox
2907,1,1,1,red_fox
2908,1,0,1,red_fox
2909,1,1,0,red_fox
2910,0,0,0,red_fox
2911,0,0,0,red_fox
2912,0,0,0,red_fox
2913,0,0,0,red_fox
2914,0,0,0,red_fox
2915,0,0,0,red_fox
2916,0,0,0,red_fox
2917,0,0,0,red_fox
2918,0,0,0,red_fox
2919,0,0,0,red_fox
2920,0,0,0,red_fox
2921,0,0,0,red_fox
2922,0,0,0,red_fox
2923,0,0,0,red_fox
2924,0,0,0,red_fox
2925,0,0,0,red_fox
2926,0,0,0,red_fox
2927,0,0,0,red_fox
2928,0,0,0,red_fox
2929,0,0,0,red_fox
2930,0,0,0,red_fox
2931,0,0,0,red_fox
2932,0,0,0,red_fox
2933,0,0,0,red_fox
2934,0,0,0,red_fox
2935,0,0,0,red_fox
2936,0,0,0,red_fox
2937,0,0,0,red_fox
2938,0,0,0,red_fox
2939,0,0,0,red_fox
2940,0,0,0,red_fox
2941,0,0,0,red_fox
2942,0,0,0,red_fox
2943,0,0,0,red_fox
2944,0,0,0,red_fox
2945,0,0,0,red_fox
2946,0,0,0,red_fox
2947,0,0,0,red_fox
2948,0,0,0,red_fox
2949,0,0,0,red_fox
2950,0,0,0,red_fox
2951,0,0,0,red_fox
2952,0,0,0,red_fox
2953,0,0,0,red_fox
2954,0,0,0,red_fox
2955,0,0,0,red_fox
2956,0,0,0,red_fox
2957,0,0,0,red_fox
2958,0,0,0,red_fox
2959,0,0,0,red_fox
2960,0,0,0,red_fox
2961,0,0,0,red_fox
2962,0,0,0,red_fox
2963,0,0,0,red_fox
2964,0,0,0,red_fox
2965,0,0,0,red_fox
2966,0,0,0,red_fox
2967,0,0,0,red_fox
2968,0,0,0,red_fox
2969,0,0,0,red_fox
2970,0,0,0,red_fox
2971,0,0,0,red_fox
2972,0,0,0,red_fox
2973,0,0,0,red_fox
2974,0,0,0,red_fox
2975,0,0,0,red_fox
2976,0,0,0,red_fox
2977,0,0,0,red_fox
2978,0,0,0,red_fox
2979,0,0,0,red_fox
2980,0,0,0,red_fox
2981,0,0,0,red_fox
2982,0,0,0,red_fox
2983,0,0,0,red_fox
2984,0,0,0,red_fox
2985,0,0,0,red_fox
2986,0,0,0,red_fox
2987,0,0,0,red_fox
2988,0,0,0,red_fox
2989,0,0,0,red_fox
2990,0,0,0,red_fox
2991,0,0,0,red_fox
2992,0,0,0,red_fox
2993,0,0,0,red_fox
2994,0,0,0,red_fox
2995,0,0,0,red_fox
2996,0,0,0,red_fox
2997,0,0,0,red_fox
2998,0,0,0,red_fox
2999,0,0,0,red_fox
3000,0,0,0,red_fox
3001,0,0,0,red_fox
3002,0,0,0,red_fox
3003,0,0,0,red_fox
3004,0,0,0,red_fox
3005,0,0,0,red_fox
3006,0,0,0,red_fox
3007,0,0,0,red_fox
3008,0,0,0,red_fox
3009,0,0,0,red_fox
3010,0,0,0,red_fox
3011,0,0,0,red_fox
3012,0,0,0,red_fox
3013,0,1,0,red_fox
3014,0,0,0,red_fox
3015,1,0,0,red_fox
3016,0,1,1,red_fox
3017,0,0,0,red_fox
3018,0,0,0,red_fox
3019,1,0,1,red_fox
3020,0,1,0,red_fox
3021,0,0,0,red_fox
3022,0,0,0,red_fox
3023,0,0,0,red_fox
3024,0,0,0,red_fox
3025,1,1,0,red_fox
3026,0,0,0,red_fox
3027,0,0,0,red_fox
3028,1,1,0,red_fox
3029,0,1,0,red_fox
3030,0,0,0,red_fox
3031,0,0,0,red_fox
3032,0,0,0,red_fox
3033,0,0,0,red_fox
3034,0,0,1,red_fox
3035,0,0,0,red_fox
3036,0,0,1,red_fox
3037,0,0,0,red_fox
3038,0,0,0,red_fox
3039,0,0,1,red_fox
3040,0,0,0,red_fox
3041,0,0,0,red_fox
3042,0,0,0,red_fox
3043,0,0,0,red_fox
3044,0,0,0,red_fox
3045,0,1,0,red_fox
3046,0,0,1,red_fox
3047,0,0,0,red_fox
3048,1,0,1,red_fox
3049,0,0,0,red_fox
3050,0,0,0,red_fox
3051,0,0,0,red_fox
3052,0,0,0,red_fox
3053,1,1,1,red_fox
3054,0,0,0,red_fox
3055,0,0,0,red_fox
3056,0,0,1,red_fox
3057,0,0,0,red_fox
3058,0,1,0,red_fox
3059,0,1,0,red_fox
3060,0,0,1,red_fox
3061,0,0,0,red_fox
3062,0,0,0,red_fox
3063,0,0,0,red_fox
3064,0,0,0,red_fox
3065,0,0,0,red_fox
3066,0,0,0,red_fox
3067,0,0,0,red_fox
3068,0,0,0,red_fox
3069,0,0,0,red_fox
3070,0,0,0,red_fox
3071,0,0,0,red_fox
3072,0,0,0,red_fox
3073,0,0,0,red_fox
3074,0,0,0,red_fox
3075,0,0,0,red_fox
3076,0,0,0,red_fox
3077,0,0,0,red_fox
3078,0,0,0,red_fox
3079,0,0,0,red_fox
3080,0,0,0,red_fox
3081,0,0,0,red_fox
3082,0,0,0,red_fox
3083,0,0,0,red_fox
3084,0,0,0,red_fox
3085,0,0,0,red_fox
3086,0,0,0,red_fox
3087,0,0,0,red_fox
3088,0,0,0,red_fox
3089,0,0,0,red_fox
3090,0,0,0,red_fox
3091,0,0,0,red_fox
3092,0,0,0,red_fox
3093,0,0,0,red_fox
3094,0,0,0,red_fox
3095,0,0,0,red_fox
3096,0,0,0,red_fox
3097,0,0,0,red_fox
3098,0,0,0,red_fox
3099,0,0,0,red_fox
3100,0,0,0,red_fox
3101,0,0,0,red_fox
3102,0,0,0,red_fox
3103,0,0,0,red_fox
3104,0,0,0,red_fox
3105,0,0,0,red_fox
3106,0,0,0,red_fox
3107,0,0,0,red_fox
3108,0,0,0,red_fox
3109,0,0,0,red_fox
3110,0,0,0,red_fox
3111,0,0,0,red_fox
3112,0,0,0,red_fox
3113,0,0,0,red_fox
3114,0,0,0,red_fox
3115,0,0,0,red_fox
3116,0,0,0,red_fox
3117,0,0,0,red_fox
3118,0,0,0,red_fox
3119,0,0,0,red_fox
3120,0,0,0,red_fox
3121,0,0,0,red_fox
3122,0,0,0,red_fox
3123,0,0,0,red_fox
3124,0,0,0,red_fox
3125,0,0,0,red_fox
3126,0,0,0,red_fox
3127,0,0,0,red_fox
3128,0,0,0,red_fox
3129,0,0,0,red_fox
3130,0,0,0,red_fox
3131,0,0,0,red_fox
3132,0,0,0,red_fox
3133,0,0,0,red_fox
3134,0,0,0,red_fox
3135,0,0,0,red_fox
3136,0,0,0,red_fox
3137,0,0,0,red_fox
3138,0,0,0,red_fox
3139,0,0,0,red_fox
3140,0,0,0,red_fox
3141,0,0,0,red_fox
3142,0,0,0,red_fox
3143,0,0,0,red_fox
3144,0,0,0,red_fox
3145,0,0,0,red_fox
3146,0,0,0,red_fox
3147,0,0,0,red_fox
3148,0,0,0,red_fox
3149,0,0,0,red_fox
3150,0,0,0,red_fox
3151,0,0,0,red_fox
3152,0,0,0,red_fox
3153,0,0,0,red_fox
3154,0,0,0,red_fox
3155,0,0,0,red_fox
3156,0,0,0,red_fox
3157,0,0,0,red_fox
3158,0,0,0,red_fox
3159,0,0,0,red_fox
3160,0,0,0,red_fox
3161,0,0,0,red_fox
3162,0,0,0,red_fox
3163,0,0,0,red_fox
3164,0,0,0,red_fox
3165,0,0,0,red_fox
3166,0,0,0,red_fox
3167,0,0,0,red_fox
3168,0,0,0,red_fox
3169,0,0,0,red_fox
3170,0,0,0,red_fox
3171,0,0,0,red_fox
3172,0,0,0,red_fox
3173,0,0,0,red_fox
3174,0,0,0,red_fox
3175,0,0,0,red_fox
3176,0,0,0,red_fox
3177,0,0,0,red_fox
3178,0,0,0,red_fox
3179,0,0,0,red_fox
3180,0,0,0,red_fox
3181,0,0,0,red_fox
3182,0,0,0,red_fox
3183,0,0,0,red_fox
3184,0,0,0,red_fox
3185,0,0,0,red_fox
3186,0,0,0,red_fox
3187,0,0,0,red_fox
3188,0,0,0,red_fox
3189,0,0,0,red_fox
3190,0,0,0,red_fox
3191,0,0,0,red_fox
3192,0,0,0,red_fox
3193,0,0,0,red_fox
3194,0,0,0,red_fox
3195,0,0,0,red_fox
3196,0,0,0,red_fox
3197,0,0,0,red_fox
3198,0,0,0,red_fox
3199,0,0,0,red_fox
3200,0,0,0,red_fox
3201,0,0,0,red_fox
3202,0,0,0,red_fox
3203,0,0,0,red_fox
3204,0,0,0,red_fox
3205,0,0,0,red_fox
3206,0,0,0,red_fox
3207,0,0,0,red_fox
3208,0,0,0,red_fox
3209,0,0,0,red_fox
3210,0,0,0,red_fox
3211,0,0,0,red_fox
3212,0,0,0,red_fox
3213,0,0,0,red_fox
3214,0,0,0,red_fox
3215,0,0,0,red_fox
3216,0,0,0,red_fox
3217,0,0,0,red_fox
3218,0,0,0,red_fox
3219,0,0,0,red_fox
3220,0,0,0,red_fox
3221,0,0,0,red_fox
3222,0,0,0,red_fox
3223,0,0,0,red_fox
3224,0,0,0,red_fox
3225,0,0,0,red_fox
3226,0,0,0,red_fox
3227,0,0,0,red_fox
3228,0,0,0,red_fox
3229,0,0,0,red_fox
3230,0,0,0,red_fox
3231,0,0,0,red_fox
3232,0,0,0,red_fox
3233,0,0,0,red_fox
3234,0,0,0,red_fox
3235,0,0,0,red_fox
3236,0,0,0,red_fox
3237,0,0,0,red_fox
3238,0,0,0,red_fox
3239,0,0,0,red_fox
3240,0,0,0,red_fox
3241,0,0,0,red_fox
3242,0,1,1,red_fox
3243,0,0,1,red_fox
3244,0,0,0,red_fox
3245,0,0,0,red_fox
3246,0,0,0,red_fox
3247,0,0,0,red_fox
3248,0,0,0,red_fox
3249,0,0,0,red_fox
3250,0,0,0,red_fox
3251,0,0,0,red_fox
3252,0,1,1,red_fox
3253,0,0,0,red_fox
3254,0,0,0,red_fox
3255,0,0,1,red_fox
3256,0,0,0,red_fox
3257,0,0,0,red_fox
3258,1,0,0,red_fox
3259,1,0,1,red_fox
3260,0,0,1,red_fox
3261,0,0,0,red_fox
3262,0,0,0,red_fox
3263,0,0,0,red_fox
3264,0,0,0,red_fox
3265,0,0,0,red_fox
3266,0,0,0,red_fox
3267,0,0,0,red_fox
3268,0,0,0,red_fox
3269,0,0,0,red_fox
3270,0,0,0,red_fox
3271,0,0,0,red_fox
3272,1,0,0,red_fox
3273,0,0,0,red_fox
3274,1,0,0,red_fox
3275,0,0,0,red_fox
3276,0,1,0,red_fox
3277,0,0,0,red_fox
3278,0,0,0,red_fox
3279,0,0,0,red_fox
3280,0,0,0,red_fox
3281,0,0,0,red_fox
3282,0,0,0,red_fox
3283,0,0,0,red_fox
3284,0,0,0,red_fox
3285,0,0,0,red_fox
3286,0,0,0,red_fox
3287,0,0,0,red_fox
3288,0,0,0,red_fox
3289,0,0,0,red_fox
3290,0,0,0,red_fox
3291,0,0,0,red_fox
3292,0,0,0,red_fox
3293,0,0,0,red_fox
3294,0,0,0,red_fox
3295,0,0,0,red_fox
3296,0,0,0,red_fox
3297,0,0,0,red_fox
3298,0,0,0,red_fox
3299,0,0,0,red_fox
3300,0,0,0,red_fox
3301,0,0,0,red_fox
3302,0,0,0,red_fox
3303,0,0,0,red_fox
3304,0,0,0,red_fox
3305,0,0,0,red_fox
3306,0,0,0,red_fox
3307,0,0,1,red_fox
3308,0,0,0,red_fox
3309,0,0,0,red_fox
3310,0,0,0,red_fox
3311,0,0,0,red_fox
3312,0,0,0,red_fox
3313,0,0,0,red_fox
3314,1,0,0,red_fox
3315,0,0,0,red_fox
3316,0,0,1,red_fox
3317,0,0,0,red_fox
3318,0,0,0,red_fox
3319,0,0,0,red_fox
3320,0,0,0,red_fox
3321,0,0,1,red_fox
3322,0,0,0,red_fox
3323,0,0,1,red_fox
3324,0,0,0,red_fox
3325,0,0,0,red_fox
3326,1,1,1,red_fox
3327,0,0,0,red_fox
3328,0,0,0,red_fox
3329,0,0,0,red_fox
3330,0,0,0,red_fox
3331,0,0,0,red_fox
3332,0,0,0,red_fox
3333,0,0,0,red_fox
3334,0,0,0,red_fox
3335,0,0,0,red_fox
3336,1,1,0,red_fox
3337,0,0,0,red_fox
3338,0,0,0,red_fox
3339,0,0,0,red_fox
3340,0,0,0,red_fox
3341,0,0,0,red_fox
3342,0,0,0,red_fox
3343,0,0,0,red_fox
3344,0,0,0,red_fox
3345,0,0,1,red_fox
3346,0,0,0,red_fox
3347,0,1,0,red_fox
3348,0,0,0,red_fox
3349,0,0,0,red_fox
3350,0,0,0,red_fox
3351,0,0,0,red_fox
3352,1,0,0,red_fox
3353,0,0,0,red_fox
3354,0,0,0,red_fox
3355,0,0,0,red_fox
3356,1,1,0,red_fox
3357,0,0,0,red_fox
3358,0,0,0,red_fox
3359,0,0,0,red_fox
3360,0,0,0,red_fox
3361,0,0,0,red_fox
3362,0,0,0,red_fox
3363,0,0,0,red_fox
3364,0,0,0,red_fox
3365,0,0,0,red_fox
3366,0,0,0,red_fox
3367,0,0,0,red_fox
3368,0,0,0,red_fox
3369,0,0,0,red_fox
3370,0,0,0,red_fox
3371,0,0,0,red_fox
3372,0,0,0,red_fox
3373,0,0,0,red_fox
3374,0,0,0,red_fox
3375,0,0,0,red_fox
3376,0,0,0,red_fox
3377,0,0,0,red_fox
3378,0,0,0,red_fox
3379,0,0,0,red_fox
3380,0,0,0,red_fox
3381,0,0,0,red_fox
3382,0,0,0,red_fox
3383,0,0,0,red_fox
3384,0,0,0,red_fox
3385,0,0,0,red_fox
3386,0,0,0,red_fox
3387,0,0,0,red_fox
3388,0,0,0,red_fox
3389,0,0,0,red_fox
3390,0,0,0,red_fox
3391,0,0,0,red_fox
3392,0,0,0,red_fox
3393,0,0,0,red_fox
3394,0,0,0,red_fox
3395,0,0,0,red_fox
3396,0,0,0,red_fox
3397,0,0,0,red_fox
3398,0,0,0,red_fox
3399,0,0,0,red_fox
3400,0,0,0,red_fox
3401,0,0,0,red_fox
3402,0,0,0,red_fox
3403,0,0,0,red_fox
3404,0,0,0,red_fox
3405,0,0,0,red_fox
3406,0,0,0,red_fox
3407,0,0,0,red_fox
3408,0,0,0,red_fox
3409,0,0,0,red_fox
3410,0,0,0,red_fox
3411,0,0,0,red_fox
3412,0,0,0,red_fox
3413,0,0,0,red_fox
3414,0,0,0,red_fox
3415,0,0,0,red_fox
3416,0,0,0,red_fox
3417,0,0,0,red_fox
3418,0,0,0,red_fox
3419,0,0,0,red_fox
3420,0,0,0,red_fox
3421,0,0,0,red_fox
3422,0,0,0,red_fox
3423,0,0,0,red_fox
3424,0,0,0,red_fox
3425,0,0,0,red_fox
3426,0,0,0,red_fox
3427,0,0,0,red_fox
3428,0,0,0,red_fox
3429,0,0,0,red_fox
3430,0,0,1,red_fox
3431,0,0,0,red_fox
3432,0,0,0,red_fox
3433,0,0,0,red_fox
3434,0,0,0,red_fox
3435,0,0,0,red_fox
3436,0,0,0,red_fox
3437,0,0,0,red_fox
3438,0,0,0,red_fox
3439,0,0,0,red_fox
3440,0,0,0,red_fox
3441,0,0,0,red_fox
3442,0,1,0,red_fox
3443,0,1,0,red_fox
3444,0,0,0,red_fox
3445,1,0,0,red_fox
3446,0,0,0,red_fox
3447,0,0,0,red_fox
3448,0,1,0,red_fox
3449,0,0,0,red_fox
3450,0,0,0,red_fox
3451,0,0,0,red_fox
3452,1,1,0,red_fox
3453,0,0,0,red_fox
3454,0,0,0,red_fox
3455,0,0,0,red_fox
3456,0,0,0,red_fox
3457,0,0,0,red_fox
3458,0,0,0,red_fox
3459,0,0,0,red_fox
3460,0,0,0,red_fox
3461,0,0,0,red_fox
3462,1,1,1,red_fox
3463,0,0,0,red_fox
3464,0,0,0,red_fox
3465,1,1,0,red_fox
3466,0,0,0,red_fox
3467,0,0,0,red_fox
3468,1,1,1,red_fox
3469,0,0,0,red_fox
3470,0,0,0,red_fox
3471,0,0,0,red_fox
3472,0,0,0,red_fox
3473,0,0,0,red_fox
3474,0,0,0,red_fox
3475,0,0,1,red_fox
3476,0,0,1,red_fox
3477,1,1,1,red_fox
3478,0,1,0,red_fox
3479,1,1,0,red_fox
3480,0,0,0,red_fox
3481,1,0,1,red_fox
3482,0,0,0,red_fox
3483,0,0,0,red_fox
3484,1,1,1,red_fox
3485,0,0,0,red_fox
3486,1,1,1,red_fox
3487,0,0,0,red_fox
3488,0,1,1,red_fox
3489,0,1,0,red_fox
3490,0,0,0,red_fox
3491,1,0,1,red_fox
3492,0,0,1,red_fox
3493,0,0,1,red_fox
3494,1,1,1,red_fox
3495,1,1,0,red_fox
3496,1,1,0,red_fox
3497,1,1,1,red_fox
3498,0,0,0,red_fox
3499,0,1,0,red_fox
3500,0,0,0,red_fox
3501,0,0,0,red_fox
3502,0,0,0,red_fox
3503,0,0,0,red_fox
3504,0,0,0,red_fox
3505,0,0,0,red_fox
3506,0,0,0,red_fox
3507,0,0,0,red_fox
3508,0,0,0,red_fox
3509,0,0,0,red_fox
3510,0,0,0,red_fox
3511,1,1,0,red_fox
3512,0,0,0,red_fox
3513,0,0,0,red_fox
3514,0,0,0,red_fox
3515,0,0,0,red_fox
3516,1,0,0,red_fox
3517,0,0,0,red_fox
3518,0,0,0,red_fox
3519,0,0,0,red_fox
3520,0,0,0,red_fox
3521,0,0,0,red_fox
3522,0,0,0,red_fox
3523,0,0,0,red_fox
3524,0,0,0,red_fox
3525,0,0,0,red_fox
3526,0,0,0,red_fox
3527,0,0,0,red_fox
3528,0,0,0,red_fox
3529,0,1,1,red_fox
3530,0,0,0,red_fox
3531,0,0,0,red_fox
3532,0,0,0,red_fox
3533,0,0,0,red_fox
3534,0,0,0,red_fox
3535,0,0,0,red_fox
3536,0,0,0,red_fox
3537,0,0,0,red_fox
3538,0,0,0,red_fox
3539,1,0,0,red_fox
3540,0,0,0,red_fox
3541,0,0,0,red_fox
3542,0,0,0,red_fox
3543,0,1,0,red_fox
3544,0,0,0,red_fox
3545,0,0,0,red_fox
3546,0,0,0,red_fox
3547,0,0,0,red_fox
3548,0,0,0,red_fox
3549,1,1,1,red_fox
3550,0,0,0,red_fox
3551,1,1,0,red_fox
3552,0,1,1,red_fox
3553,1,0,0,red_fox
3554,0,0,0,red_fox
3555,1,1,0,red_fox
3556,0,0,0,red_fox
3557,0,0,0,red_fox
3558,1,1,1,red_fox
3559,0,0,0,red_fox
3560,0,0,0,red_fox
3561,1,1,1,red_fox
3562,0,0,0,red_fox
3563,0,1,0,red_fox
3564,0,0,0,red_fox
3565,0,0,0,red_fox
3566,0,0,0,red_fox
3567,1,0,1,red_fox
3568,0,0,0,red_fox
3569,0,0,0,red_fox
3570,0,0,0,red_fox
3571,0,0,0,red_fox
3572,0,0,0,red_fox
3573,0,0,0,red_fox
3574,0,0,0,red_fox
3575,0,0,0,red_fox
3576,0,0,0,red_fox
3577,0,0,0,red_fox
3578,0,0,0,red_fox
3579,0,0,0,red_fox
3580,1,1,1,red_fox
3581,0,0,0,red_fox
3582,0,0,0,red_fox
3583,0,0,0,red_fox
3584,0,0,0,red_fox
3585,1,0,0,red_fox
3586,1,1,0,red_fox
3587,0,0,0,red_fox
3588,0,0,0,red_fox
3589,1,1,1,red_fox
3590,0,0,0,red_fox
3591,0,0,1,red_fox
3592,0,0,0,red_fox
3593,0,0,0,red_fox
3594,1,1,0,red_fox
3595,1,1,1,red_fox
3596,1,0,0,red_fox
3597,0,0,1,red_fox
3598,1,0,1,red_fox
3599,0,0,0,red_fox
3600,0,0,0,red_fox
3601,0,1,1,red_fox
3602,0,0,0,red_fox
3603,0,0,0,red_fox
3604,0,0,0,red_fox
3605,0,0,0,red_fox
3606,1,0,0,red_fox
3607,0,1,1,red_fox
3608,0,0,0,red_fox
3609,0,0,0,red_fox
3610,1,1,0,red_fox
3611,0,0,0,red_fox
3612,1,1,1,red_fox
3613,1,0,0,red_fox
3614,0,0,0,red_fox
3615,0,0,0,red_fox
3616,0,0,0,red_fox
3617,1,1,0,red_fox
3618,0,0,0,red_fox
3619,0,0,0,red_fox
3620,0,0,0,red_fox
3621,0,0,1,red_fox
3622,0,0,0,red_fox
3623,0,0,0,red_fox
3624,0,0,0,red_fox
3625,0,0,0,red_fox
3626,0,0,0,red_fox
3627,1,0,1,red_fox
3628,0,0,1,red_fox
3629,0,0,1,red_fox
3630,1,0,0,red_fox
3631,0,0,0,red_fox
3632,0,0,0,red_fox
3633,1,0,0,red_fox
3634,0,1,0,red_fox
3635,1,1,0,red_fox
3636,1,1,1,red_fox
3637,0,0,0,red_fox
3638,1,1,1,red_fox
3639,1,1,1,red_fox
3640,0,0,0,red_fox
3641,0,0,0,red_fox
3642,0,0,0,red_fox
3643,0,0,0,red_fox
3644,0,0,1,red_fox
3645,1,0,0,red_fox
3646,0,0,0,red_fox
3647,1,0,1,red_fox
3648,1,0,0,red_fox
3649,0,0,0,red_fox
3650,1,0,0,red_fox
3651,0,0,0,red_fox
3652,1,1,1,red_fox
3653,1,0,0,red_fox
3654,0,0,0,red_fox
3655,0,0,0,red_fox
3656,1,1,1,red_fox
3657,1,0,0,red_fox
3658,0,0,1,red_fox
3659,0,0,1,red_fox
3660,0,0,0,red_fox
3661,0,1,0,red_fox
3662,0,0,0,red_fox
3663,0,0,0,red_fox
3664,0,0,0,red_fox
3665,0,0,0,red_fox
3666,0,0,0,red_fox
3667,0,0,0,red_fox
3668,0,0,0,red_fox
3669,0,0,0,red_fox
3670,0,0,0,red_fox
3671,0,0,0,red_fox
3672,0,0,0,red_fox
3673,0,0,0,red_fox
3674,0,0,0,red_fox
3675,0,0,0,red_fox
3676,0,0,0,red_fox
3677,0,0,0,red_fox
3678,0,0,0,red_fox
3679,0,0,0,red_fox
3680,0,0,0,red_fox
3681,0,0,0,red_fox
3682,0,0,0,red_fox
3683,0,0,0,red_fox
3684,0,0,0,red_fox
3685,0,0,0,red_fox
3686,0,0,0,red_fox
3687,0,0,0,red_fox
3688,0,0,0,red_fox
3689,0,0,0,red_fox
3690,0,0,0,red_fox
3691,0,0,0,red_fox
3692,0,0,0,red_fox
3693,0,0,0,red_fox
3694,0,0,0,red_fox
3695,0,0,0,red_fox
3696,0,0,0,red_fox
3697,0,0,0,red_fox
3698,0,0,0,red_fox
3699,0,0,0,red_fox
3700,0,0,0,red_fox
3701,0,0,0,red_fox
3702,0,0,0,red_fox
3703,0,0,0,red_fox
3704,0,0,0,red_fox
3705,0,0,0,red_fox
3706,0,0,0,red_fox
3707,0,0,0,red_fox
3708,0,0,0,red_fox
3709,0,0,0,red_fox
3710,0,0,0,red_fox
3711,0,0,0,red_fox
3712,0,0,0,red_fox
3713,0,0,0,red_fox
3714,0,0,0,red_fox
3715,0,0,0,red_fox
3716,0,0,0,red_fox
3717,0,0,0,red_fox
3718,0,0,0,red_fox
3719,0,0,0,red_fox
3720,0,0,0,red_fox
3721,0,0,0,red_fox
3722,0,0,0,red_fox
3723,0,0,0,red_fox
3724,0,0,0,red_fox
3725,0,0,0,red_fox
3726,0,0,0,red_fox
3727,0,0,0,red_fox
3728,0,0,0,red_fox
3729,0,0,0,red_fox
3730,0,0,0,red_fox
3731,0,0,0,red_fox
3732,0,0,0,red_fox
3733,0,0,0,red_fox
3734,0,0,0,red_fox
3735,0,0,0,red_fox
3736,0,0,0,red_fox
3737,0,0,0,red_fox
3738,0,0,0,red_fox
3739,0,0,0,red_fox
3740,0,0,0,red_fox
3741,0,0,0,red_fox
3742,0,0,0,red_fox
3743,0,0,0,red_fox
3744,0,0,0,red_fox
3745,0,0,0,red_fox
3746,0,0,0,red_fox
3747,0,0,0,red_fox
3748,0,0,0,red_fox
3749,0,0,0,red_fox
3750,0,0,0,red_fox
3751,0,0,0,red_fox
3752,0,0,0,red_fox
3753,0,0,0,red_fox
3754,0,0,0,red_fox
3755,0,0,0,red_fox
3756,0,0,0,red_fox
3757,0,0,0,red_fox
3758,0,0,0,red_fox
3759,0,0,0,red_fox
3760,0,0,0,red_fox
3761,0,0,0,red_fox
3762,0,0,0,red_fox
3763,0,0,0,red_fox
3764,0,0,0,red_fox
3765,0,0,0,red_fox
3766,0,0,0,red_fox
3767,0,0,0,red_fox
3768,0,0,0,red_fox
3769,0,0,0,red_fox
3770,0,0,0,red_fox
3771,0,0,0,red_fox
3772,0,0,0,red_fox
3773,0,0,0,red_fox
3774,0,0,0,red_fox
3775,0,0,0,red_fox
3776,0,0,0,red_fox
3777,0,0,0,red_fox
3778,0,0,0,red_fox
3779,0,0,1,red_fox
3780,0,0,0,red_fox
3781,0,0,0,red_fox
3782,0,0,0,red_fox
3783,0,0,0,red_fox
3784,0,0,0,red_fox
3785,0,0,0,red_fox
3786,0,0,0,red_fox
3787,0,0,0,red_fox
3788,0,0,0,red_fox
3789,0,0,0,red_fox
3790,0,0,0,red_fox
3791,0,0,0,red_fox
3792,0,0,0,red_fox
3793,0,0,0,red_fox
3794,0,0,0,red_fox
3795,0,0,0,red_fox
3796,0,0,0,red_fox
3797,0,0,0,red_fox
3798,0,0,0,red_fox
3799,0,0,0,red_fox
3800,0,0,0,red_fox
3801,0,0,0,red_fox
3802,0,0,0,red_fox
3803,0,0,0,red_fox
3804,0,0,0,red_fox
3805,0,0,0,red_fox
3806,0,0,0,red_fox
3807,0,0,0,red_fox
3808,0,0,0,red_fox
3809,0,0,0,red_fox
3810,0,0,0,red_fox
3811,0,0,0,red_fox
3812,0,0,0,red_fox
3813,0,0,0,red_fox
3814,0,0,0,red_fox
3815,0,0,0,red_fox
3816,0,0,0,red_fox
3817,0,0,0,red_fox
3818,0,0,0,red_fox
3819,0,0,0,red_fox
3820,0,0,0,red_fox
3821,0,0,0,red_fox
3822,0,0,0,red_fox
3823,0,0,0,red_fox
3824,0,0,0,red_fox
3825,0,0,0,red_fox
3826,0,0,0,red_fox
3827,0,0,0,red_fox
3828,0,0,0,red_fox
3829,0,0,0,red_fox
3830,0,0,0,red_fox
3831,0,0,0,red_fox
3832,0,0,0,red_fox
3833,0,0,0,red_fox
3834,0,0,0,red_fox
3835,0,0,0,red_fox
3836,0,0,0,red_fox
3837,0,0,0,red_fox
3838,0,0,0,red_fox
3839,0,0,0,red_fox
3840,0,0,0,red_fox
3841,0,0,0,red_fox
3842,0,0,0,red_fox
3843,0,0,0,red_fox
3844,0,0,0,red_fox
3845,0,0,0,red_fox
3846,0,0,0,red_fox
3847,0,0,0,red_fox
3848,0,0,0,red_fox
3849,0,0,0,red_fox
3850,0,0,0,red_fox
3851,0,0,0,red_fox
3852,0,0,0,red_fox
3853,0,0,0,red_fox
3854,0,0,0,red_fox
3855,0,0,0,red_fox
3856,0,0,0,red_fox
3857,0,0,0,red_fox
3858,0,0,0,red_fox
3859,0,0,0,red_fox
3860,0,1,0,red_fox
3861,0,0,0,red_fox
3862,0,0,0,red_fox
3863,0,0,0,red_fox
3864,0,0,0,red_fox
3865,0,0,0,red_fox
3866,0,0,0,red_fox
3867,0,0,0,red_fox
3868,0,0,0,red_fox
3869,0,0,0,red_fox
3870,0,0,0,red_fox
3871,0,0,0,red_fox
3872,0,0,0,red_fox
3873,0,0,0,red_fox
3874,0,0,0,red_fox
3875,0,0,0,red_fox
3876,0,0,0,red_fox
3877,0,0,0,red_fox
3878,0,0,0,red_fox
3879,0,0,0,red_fox
3880,0,0,0,red_fox
3881,0,1,0,red_fox
3882,0,0,0,red_fox
3883,0,0,0,red_fox
3884,0,0,0,red_fox
3885,0,0,0,red_fox
3886,0,0,0,red_fox
3887,0,0,0,red_fox
3888,0,0,0,red_fox
3889,0,0,0,red_fox
3890,0,0,0,red_fox
3891,0,0,0,red_fox
3892,0,0,0,red_fox
3893,0,0,0,red_fox
3894,0,0,0,red_fox
3895,0,0,0,red_fox
3896,0,0,0,red_fox
3897,0,0,0,red_fox
3898,0,0,0,red_fox
3899,0,0,0,red_fox
3900,0,0,0,red_fox
3901,0,0,0,red_fox
3902,0,0,0,red_fox
3903,0,0,0,red_fox
3904,0,0,0,red_fox
3905,0,0,0,red_fox
3906,0,0,0,red_fox
3907,0,0,0,red_fox
3908,0,0,0,red_fox
3909,1,0,0,red_fox
3910,0,0,0,red_fox
3911,0,0,0,red_fox
3912,0,0,0,red_fox
3913,0,0,0,red_fox
3914,0,0,0,red_fox
3915,0,0,0,red_fox
3916,0,1,0,red_fox
3917,0,0,0,red_fox
3918,0,0,0,red_fox
3919,0,1,0,red_fox
3920,0,0,0,red_fox
3921,0,0,0,red_fox
3922,0,0,0,red_fox
3923,0,0,0,red_fox
3924,0,0,0,red_fox
3925,0,0,0,red_fox
3926,0,0,0,red_fox
3927,0,0,0,red_fox
3928,0,0,0,red_fox
3929,0,0,0,red_fox
3930,0,0,0,red_fox
3931,0,0,0,red_fox
3932,0,0,0,red_fox
3933,0,0,0,red_fox
3934,0,0,1,red_fox
3935,0,1,1,red_fox
3936,0,0,0,red_fox
3937,0,0,0,red_fox
3938,1,0,1,red_fox
3939,0,0,0,red_fox
3940,0,0,0,red_fox
3941,0,0,0,red_fox
3942,0,0,0,red_fox
3943,0,0,0,red_fox
3944,0,0,0,red_fox
3945,0,1,0,red_fox
3946,0,0,0,red_fox
3947,0,0,0,red_fox
3948,0,0,0,red_fox
3949,1,0,1,red_fox
3950,0,0,0,red_fox
3951,0,0,0,red_fox
3952,0,0,0,red_fox
3953,0,0,0,red_fox
3954,0,0,0,red_fox
3955,0,0,0,red_fox
3956,0,0,1,red_fox
3957,0,0,0,red_fox
3958,0,0,0,red_fox
3959,0,0,0,red_fox
3960,0,0,1,red_fox
3961,0,0,0,red_fox
3962,0,0,0,red_fox
3963,0,0,0,red_fox
3964,0,0,0,red_fox
3965,0,0,0,red_fox
3966,0,0,0,red_fox
3967,1,1,1,red_fox
3968,0,0,0,red_fox
3969,0,1,1,red_fox
3970,0,0,0,red_fox
3971,0,0,0,red_fox
3972,0,0,0,red_fox
3973,0,0,1,red_fox
3974,0,0,0,red_fox
3975,0,0,0,red_fox
3976,0,0,0,red_fox
3977,0,0,0,red_fox
3978,0,0,0,red_fox
3979,0,0,0,red_fox
3980,1,0,0,red_fox
3981,0,1,0,red_fox
3982,0,0,0,red_fox
3983,0,0,0,red_fox
3984,0,0,1,red_fox
3985,0,0,0,red_fox
3986,0,0,0,red_fox
3987,0,0,0,red_fox
3988,0,0,0,red_fox
3989,0,0,0,red_fox
3990,0,0,0,red_fox
3991,0,0,0,red_fox
3992,0,0,0,red_fox
3993,0,0,0,red_fox
3994,0,0,0,red_fox
3995,0,0,0,red_fox
3996,0,0,0,red_fox
3997,0,0,0,red_fox
3998,0,0,0,red_fox
3999,0,0,0,red_fox
4000,0,0,0,red_fox
4001,0,0,0,red_fox
4002,0,0,0,red_fox
4003,0,0,0,red_fox
4004,0,0,0,red_fox
4005,0,0,0,red_fox
4006,0,0,0,red_fox
4007,0,0,0,red_fox
4008,0,0,0,red_fox
4009,0,0,0,red_fox
4010,0,0,0,red_fox
4011,0,0,0,red_fox
4012,0,0,0,red_fox
4013,0,0,0,red_fox
4014,0,0,0,red_fox
4015,0,0,0,red_fox
4016,0,0,0,red_fox
4017,0,0,0,red_fox
4018,0,0,0,red_fox
4019,0,0,0,red_fox
4020,0,0,0,red_fox
4021,0,0,0,red_fox
4022,0,0,0,red_fox
4023,0,0,0,red_fox
4024,0,0,0,red_fox
4025,0,0,0,red_fox
4026,0,0,0,red_fox
4027,0,0,0,red_fox
4028,0,0,0,red_fox
4029,0,0,0,red_fox
4030,0,0,0,red_fox
4031,0,0,0,red_fox
4032,0,0,0,red_fox
4033,0,0,0,red_fox
4034,0,0,0,red_fox
4035,0,0,0,red_fox
4036,0,0,0,red_fox
4037,0,0,0,red_fox
4038,0,0,0,red_fox
4039,0,0,0,red_fox
4040,0,0,0,red_fox
4041,0,0,0,red_fox
4042,0,0,0,red_fox
4043,0,0,0,red_fox
4044,0,1,0,red_fox
4045,0,0,0,red_fox
4046,0,0,0,red_fox
4047,0,0,0,red_fox
4048,0,0,0,red_fox
4049,0,0,0,red_fox
4050,0,0,0,red_fox
4051,0,0,0,red_fox
4052,0,0,0,red_fox
4053,0,0,0,red_fox
4054,0,0,0,red_fox
4055,0,0,0,red_fox
4056,0,0,0,red_fox
4057,0,0,0,red_fox
4058,0,0,0,red_fox
4059,0,0,0,red_fox
4060,0,0,0,red_fox
4061,0,0,0,red_fox
4062,0,0,0,red_fox
4063,0,0,0,red_fox
4064,1,1,0,red_fox
4065,0,0,0,red_fox
4066,0,0,0,red_fox
4067,0,0,0,red_fox
4068,0,0,0,red_fox
4069,0,0,0,red_fox
4070,0,0,0,red_fox
4071,0,0,0,red_fox
4072,0,0,0,red_fox
4073,0,0,0,red_fox
4074,0,1,0,red_fox
4075,0,0,0,red_fox
4076,0,0,0,red_fox
4077,0,0,0,red_fox
4078,0,0,0,red_fox
4079,0,0,0,red_fox
4080,0,0,0,red_fox
4081,1,0,1,red_fox
4082,0,0,0,red_fox
4083,0,0,0,red_fox
4084,0,0,0,red_fox
4085,0,0,0,red_fox
4086,0,0,0,red_fox
4087,0,0,0,red_fox
4088,0,0,0,red_fox
4089,0,0,0,red_fox
4090,0,0,0,red_fox
4091,0,0,0,red_fox
4092,0,0,0,red_fox
4093,0,0,0,red_fox
4094,0,0,0,red_fox
4095,0,0,0,red_fox
4096,0,0,0,red_fox
4097,0,0,0,red_fox
4098,0,0,0,red_fox
4099,0,0,0,red_fox
4100,0,0,0,red_fox
4101,0,0,0,red_fox
4102,0,0,0,red_fox
4103,0,0,0,red_fox
4104,0,0,0,red_fox
4105,0,0,0,red_fox
4106,0,0,0,red_fox
4107,0,0,0,red_fox
4108,0,0,0,red_fox
4109,0,0,0,red_fox
4110,0,0,0,red_fox
4111,0,0,0,red_fox
4112,0,0,0,red_fox
4113,0,0,0,red_fox
4114,0,0,0,red_fox
4115,0,0,0,red_fox
4116,0,0,0,red_fox
4117,0,0,0,red_fox
4118,0,0,1,red_fox
4119,0,0,1,red_fox
4120,0,0,0,red_fox
4121,0,0,0,red_fox
4122,0,0,0,red_fox
4123,0,0,0,red_fox
4124,0,0,0,red_fox
4125,0,0,0,red_fox
4126,0,0,0,red_fox
4127,0,0,0,red_fox
4128,0,0,0,red_fox
4129,0,0,0,red_fox
4130,0,0,0,red_fox
4131,0,0,0,red_fox
4132,0,0,0,red_fox
4133,0,0,0,red_fox
4134,0,0,0,red_fox
4135,0,0,0,red_fox
4136,0,0,0,red_fox
4137,0,0,0,red_fox
4138,0,0,0,red_fox
4139,0,0,0,red_fox
4140,0,0,0,red_fox
4141,0,0,0,red_fox
4142,0,0,0,red_fox
4143,0,0,0,red_fox
4144,0,0,0,red_fox
4145,0,0,0,red_fox
4146,0,0,0,red_fox
4147,0,0,0,red_fox
4148,0,0,0,red_fox
4149,0,0,0,red_fox
4150,0,0,0,red_fox
4151,0,0,0,red_fox
4152,0,0,0,red_fox
4153,0,0,0,red_fox
4154,0,0,0,red_fox
4155,0,0,0,red_fox
4156,0,0,0,red_fox
4157,0,0,0,red_fox
4158,0,0,0,red_fox
4159,0,0,0,red_fox
4160,0,0,0,red_fox
4161,0,0,0,red_fox
4162,0,0,0,red_fox
4163,0,0,0,red_fox
4164,0,0,0,red_fox
4165,0,0,0,red_fox
4166,0,0,0,red_fox
4167,0,0,0,red_fox
4168,0,0,0,red_fox
4169,0,0,0,red_fox
4170,0,0,0,red_fox
4171,0,0,0,red_fox
4172,0,0,0,red_fox
4173,0,0,0,red_fox
4174,0,0,0,red_fox
4175,0,0,0,red_fox
4176,0,0,0,red_fox
4177,0,0,0,red_fox
4178,0,0,0,red_fox
4179,0,0,0,red_fox
4180,0,0,0,red_fox
4181,0,0,0,red_fox
4182,0,0,0,red_fox
4183,0,0,0,red_fox
4184,0,0,0,red_fox
4185,0,0,0,red_fox
4186,0,0,0,red_fox
4187,0,0,0,red_fox
4188,0,0,0,red_fox
4189,0,0,0,red_fox
4190,0,0,0,red_fox
4191,0,0,0,red_fox
4192,0,0,0,red_fox
4193,0,0,0,red_fox
4194,0,0,0,red_fox
4195,0,0,0,red_fox
4196,0,0,0,red_fox
4197,0,0,0,red_fox
4198,0,0,0,red_fox
4199,0,0,0,red_fox
4200,0,0,0,red_fox
4201,0,0,0,red_fox
4202,0,0,0,red_fox
4203,0,0,0,red_fox
4204,0,0,0,red_fox
4205,0,0,0,red_fox
4206,0,0,0,red_fox
4207,0,0,0,red_fox
4208,0,0,0,red_fox
4209,0,0,0,red_fox
4210,0,0,0,red_fox
4211,0,0,0,red_fox
4212,0,0,0,red_fox
4213,0,0,0,red_fox
4214,0,0,0,red_fox
4215,0,0,0,red_fox
4216,0,0,0,red_fox
4217,0,0,0,red_fox
4218,0,0,0,red_fox
4219,0,0,0,red_fox
4220,0,0,0,red_fox
4221,0,0,0,red_fox
4222,0,0,0,red_fox
4223,0,0,0,red_fox
4224,0,0,0,red_fox
4225,0,0,0,red_fox
4226,0,0,0,red_fox
4227,0,0,0,red_fox
4228,0,0,0,red_fox
4229,0,0,0,red_fox
4230,0,0,0,red_fox
4231,0,0,0,red_fox
4232,0,0,0,red_fox
4233,0,0,0,red_fox
4234,0,0,0,red_fox
4235,0,0,0,red_fox
4236,0,0,0,red_fox
4237,0,0,0,red_fox
4238,0,0,0,red_fox
4239,0,0,0,red_fox
4240,0,0,0,red_fox
4241,0,0,0,red_fox
4242,0,0,0,red_fox
4243,0,0,0,red_fox
4244,0,0,0,red_fox
4245,0,0,0,red_fox
4246,0,0,0,red_fox
4247,0,0,0,red_fox
4248,0,0,0,red_fox
4249,0,0,0,red_fox
4250,0,0,0,red_fox
4251,0,0,0,red_fox
4252,0,0,0,red_fox
4253,0,0,0,red_fox
4254,0,0,0,red_fox
4255,0,0,0,red_fox
4256,0,0,0,red_fox
4257,0,0,0,red_fox
4258,0,0,0,red_fox
4259,0,0,0,red_fox
4260,0,0,0,red_fox
4261,0,0,0,red_fox
4262,0,0,0,red_fox
4263,0,0,0,red_fox
4264,0,0,0,red_fox
4265,0,0,0,red_fox
4266,0,0,0,red_fox
4267,0,0,0,red_fox
4268,0,0,0,red_fox
4269,0,0,0,red_fox
4270,0,0,0,red_fox
4271,0,0,0,red_fox
4272,0,0,0,red_fox
4273,0,0,0,red_fox
4274,0,0,0,red_fox
4275,0,0,0,red_fox
4276,0,0,0,red_fox
4277,0,0,0,red_fox
4278,0,0,0,red_fox
4279,0,0,0,red_fox
4280,0,0,0,red_fox
4281,0,0,0,red_fox
4282,0,0,0,red_fox
4283,0,0,0,red_fox
4284,0,0,0,red_fox
4285,0,0,0,red_fox
4286,0,0,0,red_fox
4287,0,0,0,red_fox
4288,0,0,0,red_fox
4289,0,0,0,red_fox
4290,0,0,0,red_fox
4291,0,0,0,red_fox
4292,0,0,0,red_fox
4293,0,0,0,red_fox
4294,0,0,0,red_fox
4295,0,0,0,red_fox
4296,0,0,0,red_fox
4297,0,0,0,red_fox
4298,0,0,0,red_fox
4299,0,0,0,red_fox
4300,0,0,0,red_fox
4301,0,0,0,red_fox
4302,0,0,0,red_fox
4303,0,0,0,red_fox
4304,0,0,0,red_fox
4305,0,0,0,red_fox
4306,0,0,0,red_fox
4307,0,0,0,red_fox
4308,0,0,0,red_fox
4309,0,0,0,red_fox
4310,0,0,0,red_fox
4311,0,0,0,red_fox
